"Name","API Name","Instance Memory","vCPUs","GiB of Memory per vCPU","Instance Storage","Network Performance","Linux On Demand cost"
"T4G Nano","t4g.nano","0.5 GiB","2 vCPUs                                                         for a                   1h 12m                   burst","0.25 GiB/vCPU","EBS only","Up to 5 Gigabit","$0.0042 hourly"
"T3A Nano","t3a.nano","0.5 GiB","2 vCPUs                                                         for a                   1h 12m                   burst","0.25 GiB/vCPU","EBS only","Up to 5 Gigabit","$0.0047 hourly"
"T3 Nano","t3.nano","0.5 GiB","2 vCPUs                                                         for a                   1h 12m                   burst","0.25 GiB/vCPU","EBS only","Up to 5 Gigabit","$0.0052 hourly"
"T2 Nano","t2.nano","0.5 GiB","1 vCPUs                                                         for a                   1h 12m                   burst","0.50 GiB/vCPU","EBS only","Low to Moderate","$0.0058 hourly"
"T4G Micro","t4g.micro","1.0 GiB","2 vCPUs                                                         for a                   2h 24m                   burst","0.50 GiB/vCPU","EBS only","Up to 5 Gigabit","$0.0084 hourly"
"T3A Micro","t3a.micro","1.0 GiB","2 vCPUs                                                         for a                   2h 24m                   burst","0.50 GiB/vCPU","EBS only","Up to 5 Gigabit","$0.0094 hourly"
"T3 Micro","t3.micro","1.0 GiB","2 vCPUs                                                         for a                   2h 24m                   burst","0.50 GiB/vCPU","EBS only","Up to 5 Gigabit","$0.0104 hourly"
"T2 Micro","t2.micro","1.0 GiB","1 vCPUs                                                         for a                   2h 24m                   burst","1.00 GiB/vCPU","EBS only","Low to Moderate","$0.0116 hourly"
"T4G Small","t4g.small","2.0 GiB","2 vCPUs                                                         for a                   4h 48m                   burst","1.00 GiB/vCPU","EBS only","Up to 5 Gigabit","$0.0168 hourly"
"T3A Small","t3a.small","2.0 GiB","2 vCPUs                                                         for a                   4h 48m                   burst","1.00 GiB/vCPU","EBS only","Up to 5 Gigabit","$0.0188 hourly"
"T1 Micro","t1.micro","0.613 GiB","1 vCPUs","0.61 GiB/vCPU","EBS only","Very Low","$0.0200 hourly"
"T3 Small","t3.small","2.0 GiB","2 vCPUs                                                         for a                   4h 48m                   burst","1.00 GiB/vCPU","EBS only","Up to 5 Gigabit","$0.0208 hourly"
"T2 Small","t2.small","2.0 GiB","1 vCPUs                                                         for a                   4h 48m                   burst","2.00 GiB/vCPU","EBS only","Low to Moderate","$0.0230 hourly"
"A1 Medium","a1.medium","2.0 GiB","1 vCPUs","2.00 GiB/vCPU","EBS only","Up to 10 Gigabit","$0.0255 hourly"
"T4G Medium","t4g.medium","4.0 GiB","2 vCPUs                                                         for a                   4h 48m                   burst","2.00 GiB/vCPU","EBS only","Up to 5 Gigabit","$0.0336 hourly"
"C6G Medium","c6g.medium","2.0 GiB","1 vCPUs","2.00 GiB/vCPU","EBS only","Up to 10 Gigabit","$0.0340 hourly"
"C7G Medium","c7g.medium","2.0 GiB","1 vCPUs","2.00 GiB/vCPU","EBS only","Up to 12.5 Gigabit","$0.0363 hourly"
"T3A Medium","t3a.medium","4.0 GiB","2 vCPUs                                                         for a                   4h 48m                   burst","2.00 GiB/vCPU","EBS only","Up to 5 Gigabit","$0.0376 hourly"
"C6GD Medium","c6gd.medium","2.0 GiB","1 vCPUs","2.00 GiB/vCPU","59 GB                 NVMe SSD","Up to 10 Gigabit","$0.0384 hourly"
"M6G Medium","m6g.medium","4.0 GiB","1 vCPUs","4.00 GiB/vCPU","EBS only","Up to 10 Gigabit","$0.0385 hourly"
"M7G Medium","m7g.medium","4.0 GiB","1 vCPUs","4.00 GiB/vCPU","EBS only","Up to 12.5 Gigabit","$0.0408 hourly"
"T3 Medium","t3.medium","4.0 GiB","2 vCPUs                                                         for a                   4h 48m                   burst","2.00 GiB/vCPU","EBS only","Up to 5 Gigabit","$0.0416 hourly"
"C6GN Medium","c6gn.medium","2.0 GiB","1 vCPUs","2.00 GiB/vCPU","EBS only","Up to 16 Gigabit","$0.0432 hourly"
"M1 General Purpose Small","m1.small","1.7 GiB","1 vCPUs","1.70 GiB/vCPU","160 GB                 HDD","Low","$0.0440 hourly"
"M6GD Medium","m6gd.medium","4.0 GiB","1 vCPUs","4.00 GiB/vCPU","59 GB                 NVMe SSD","Up to 10 Gigabit","$0.0452 hourly"
"T2 Medium","t2.medium","4.0 GiB","2 vCPUs                                                         for a                   4h 48m                   burst","2.00 GiB/vCPU","EBS only","Low to Moderate","$0.0464 hourly"
"R6G Medium","r6g.medium","8.0 GiB","1 vCPUs","8.00 GiB/vCPU","EBS only","Up to 10 Gigabit","$0.0504 hourly"
"A1 Large","a1.large","4.0 GiB","2 vCPUs","2.00 GiB/vCPU","EBS only","Up to 10 Gigabit","$0.0510 hourly"
"R7G Medium","r7g.medium","8.0 GiB","1 vCPUs","8.00 GiB/vCPU","EBS only","Up to 12.5 Gigabit","$0.0536 hourly"
"R6GD Medium","r6gd.medium","8.0 GiB","1 vCPUs","8.00 GiB/vCPU","59 GB                 NVMe SSD","Up to 10 Gigabit","$0.0576 hourly"
"M3 General Purpose Medium","m3.medium","3.75 GiB","1 vCPUs","3.75 GiB/vCPU","4 GB                 SSD","Moderate","$0.0670 hourly"
"T4G Large","t4g.large","8.0 GiB","2 vCPUs                                                         for a                   7h 12m                   burst","4.00 GiB/vCPU","EBS only","Up to 5 Gigabit","$0.0672 hourly"
"C6G Large","c6g.large","4.0 GiB","2 vCPUs","2.00 GiB/vCPU","EBS only","Up to 10 Gigabit","$0.0680 hourly"
"C7G Large","c7g.large","4.0 GiB","2 vCPUs","2.00 GiB/vCPU","EBS only","Up to 12.5 Gigabit","$0.0725 hourly"
"T3A Large","t3a.large","8.0 GiB","2 vCPUs                                                         for a                   7h 12m                   burst","4.00 GiB/vCPU","EBS only","Up to 5 Gigabit","$0.0752 hourly"
"C6A Large","c6a.large","4.0 GiB","2 vCPUs","2.00 GiB/vCPU","EBS only","Up to 12.5 Gigabit","$0.0765 hourly"
"C6GD Large","c6gd.large","4.0 GiB","2 vCPUs","2.00 GiB/vCPU","118 GB                 NVMe SSD","Up to 10 Gigabit","$0.0768 hourly"
"M6G Large","m6g.large","8.0 GiB","2 vCPUs","4.00 GiB/vCPU","EBS only","Up to 10 Gigabit","$0.0770 hourly"
"C5A Large","c5a.large","4.0 GiB","2 vCPUs","2.00 GiB/vCPU","EBS only","Up to 10 Gigabit","$0.0770 hourly"
"M7G Large","m7g.large","8.0 GiB","2 vCPUs","4.00 GiB/vCPU","EBS only","Up to 12.5 Gigabit","$0.0816 hourly"
"T3 Large","t3.large","8.0 GiB","2 vCPUs                                                         for a                   7h 12m                   burst","4.00 GiB/vCPU","EBS only","Up to 5 Gigabit","$0.0832 hourly"
"X2GD Medium","x2gd.medium","16.0 GiB","1 vCPUs","16.00 GiB/vCPU","59 GB                 NVMe SSD","Up to 10 Gigabit","$0.0835 hourly"
"C5 High-CPU Large","c5.large","4.0 GiB","2 vCPUs","2.00 GiB/vCPU","EBS only","Up to 10 Gigabit","$0.0850 hourly"
"C6I Large","c6i.large","4.0 GiB","2 vCPUs","2.00 GiB/vCPU","EBS only","Up to 12.5 Gigabit","$0.0850 hourly"
"M5A Large","m5a.large","8.0 GiB","2 vCPUs","4.00 GiB/vCPU","EBS only","Up to 10 Gigabit","$0.0860 hourly"
"C5AD Large","c5ad.large","4.0 GiB","2 vCPUs","2.00 GiB/vCPU","75 GB                 NVMe SSD","Up to 10 Gigabit","$0.0860 hourly"
"M6A Large","m6a.large","8.0 GiB","2 vCPUs","4.00 GiB/vCPU","EBS only","Up to 12.5 Gigabit","$0.0864 hourly"
"C6GN Large","c6gn.large","4.0 GiB","2 vCPUs","2.00 GiB/vCPU","EBS only","Up to 25 Gigabit","$0.0864 hourly"
"M1 General Purpose Medium","m1.medium","3.75 GiB","1 vCPUs","3.75 GiB/vCPU","410 GB                 HDD","Moderate","$0.0870 hourly"
"M6GD Large","m6gd.large","8.0 GiB","2 vCPUs","4.00 GiB/vCPU","118 GB                 NVMe SSD","Up to 10 Gigabit","$0.0904 hourly"
"T2 Large","t2.large","8.0 GiB","2 vCPUs                                                         for a                   7h 12m                   burst","4.00 GiB/vCPU","EBS only","Low to Moderate","$0.0928 hourly"
"M6I Large","m6i.large","8.0 GiB","2 vCPUs","4.00 GiB/vCPU","EBS only","Up to 12.5 Gigabit","$0.0960 hourly"
"M5 General Purpose Large","m5.large","8.0 GiB","2 vCPUs","4.00 GiB/vCPU","EBS only","Up to 10 Gigabit","$0.0960 hourly"
"C5 High-CPU Large","c5d.large","4.0 GiB","2 vCPUs","2.00 GiB/vCPU","50 GB                 NVMe SSD","Up to 10 Gigabit","$0.0960 hourly"
"M4 General Purpose Large","m4.large","8.0 GiB","2 vCPUs","4.00 GiB/vCPU","EBS only","Moderate","$0.1000 hourly"
"C4 High-CPU Large","c4.large","3.75 GiB","2 vCPUs","1.88 GiB/vCPU","EBS only","Moderate","$0.1000 hourly"
"C6ID Large","c6id.large","4.0 GiB","2 vCPUs","2.00 GiB/vCPU","118 GB                 NVMe SSD","Up to 12.5 Gigabit","$0.1008 hourly"
"R6G Large","r6g.large","16.0 GiB","2 vCPUs","8.00 GiB/vCPU","EBS only","Up to 10 Gigabit","$0.1008 hourly"
"A1 Extra Large","a1.xlarge","8.0 GiB","4 vCPUs","2.00 GiB/vCPU","EBS only","Up to 10 Gigabit","$0.1020 hourly"
"M5AD Large","m5ad.large","8.0 GiB","2 vCPUs","4.00 GiB/vCPU","75 GB                 NVMe SSD","Up to 10 Gigabit","$0.1030 hourly"
"C3 High-CPU Large","c3.large","3.75 GiB","2 vCPUs","1.88 GiB/vCPU","32 GB                 (2 * 16 GB SSD)","Moderate","$0.1050 hourly"
"R7G Large","r7g.large","16.0 GiB","2 vCPUs","8.00 GiB/vCPU","EBS only","Up to 12.5 Gigabit","$0.1071 hourly"
"C5N Large","c5n.large","5.25 GiB","2 vCPUs","2.62 GiB/vCPU","EBS only","Up to 25 Gigabit","$0.1080 hourly"
"M5 General Purpose Large","m5d.large","8.0 GiB","2 vCPUs","4.00 GiB/vCPU","75 GB                 NVMe SSD","Up to 10 Gigabit","$0.1130 hourly"
"R5A Large","r5a.large","16.0 GiB","2 vCPUs","8.00 GiB/vCPU","EBS only","Up to 10 Gigabit","$0.1130 hourly"
"R6A Large","r6a.large","16.0 GiB","2 vCPUs","8.00 GiB/vCPU","EBS only","Up to 12.5 Gigabit","$0.1134 hourly"
"C6IN Large","c6in.large","4.0 GiB","2 vCPUs","2.00 GiB/vCPU","EBS only","Up to 25 Gigabit","$0.1134 hourly"
"R6GD Large","r6gd.large","16.0 GiB","2 vCPUs","8.00 GiB/vCPU","118 GB                 NVMe SSD","Up to 10 Gigabit","$0.1152 hourly"
"M6ID Large","m6id.large","8.0 GiB","2 vCPUs","4.00 GiB/vCPU","118 GB                 NVMe SSD","Up to 12.5 Gigabit","$0.1187 hourly"
"M5N Large","m5n.large","8.0 GiB","2 vCPUs","4.00 GiB/vCPU","EBS only","Up to 25 Gigabit","$0.1190 hourly"
"R6I Large","r6i.large","16.0 GiB","2 vCPUs","8.00 GiB/vCPU","EBS only","Up to 12.5 Gigabit","$0.1260 hourly"
"R5 Large","r5.large","16.0 GiB","2 vCPUs","8.00 GiB/vCPU","EBS only","Up to 10 Gigabit","$0.1260 hourly"
"C1 High-CPU Medium","c1.medium","1.7 GiB","2 vCPUs","0.85 GiB/vCPU","350 GB                 HDD","Moderate","$0.1300 hourly"
"R5AD Large","r5ad.large","16.0 GiB","2 vCPUs","8.00 GiB/vCPU","75 GB                 NVMe SSD","Up to 10 Gigabit","$0.1310 hourly"
"M3 General Purpose Large","m3.large","7.5 GiB","2 vCPUs","3.75 GiB/vCPU","32 GB                 SSD","Moderate","$0.1330 hourly"
"R4 High-Memory Large","r4.large","15.25 GiB","2 vCPUs","7.62 GiB/vCPU","EBS only","Up to 10 Gigabit","$0.1330 hourly"
"T4G Extra Large","t4g.xlarge","16.0 GiB","4 vCPUs                                                         for a                   9h 36m                   burst","4.00 GiB/vCPU","EBS only","Up to 5 Gigabit","$0.1344 hourly"
"M5DN Large","m5dn.large","8.0 GiB","2 vCPUs","4.00 GiB/vCPU","75 GB                 NVMe SSD","Up to 25 Gigabit","$0.1360 hourly"
"C6G Extra Large","c6g.xlarge","8.0 GiB","4 vCPUs","2.00 GiB/vCPU","EBS only","Up to 10 Gigabit","$0.1360 hourly"
"M6IN Large","m6in.large","8.0 GiB","2 vCPUs","4.00 GiB/vCPU","EBS only","Up to 25 Gigabit","$0.1392 hourly"
"R5D Large","r5d.large","16.0 GiB","2 vCPUs","8.00 GiB/vCPU","75 GB                 NVMe SSD","Up to 10 Gigabit","$0.1440 hourly"
"IS4GEN Medium","is4gen.medium","6.0 GiB","1 vCPUs","6.00 GiB/vCPU","937 GB                 NVMe SSD","Up to 25 Gigabit","$0.1441 hourly"
"C7G Extra Large","c7g.xlarge","8.0 GiB","4 vCPUs","2.00 GiB/vCPU","EBS only","Up to 12.5 Gigabit","$0.1450 hourly"
"R5B Large","r5b.large","16.0 GiB","2 vCPUs","8.00 GiB/vCPU","EBS only","Up to 10 Gigabit","$0.1490 hourly"
"R5N Large","r5n.large","16.0 GiB","2 vCPUs","8.00 GiB/vCPU","EBS only","Up to 25 Gigabit","$0.1490 hourly"
"T3A Extra Large","t3a.xlarge","16.0 GiB","4 vCPUs                                                         for a                   9h 36m                   burst","4.00 GiB/vCPU","EBS only","Up to 5 Gigabit","$0.1504 hourly"
"R6ID Large","r6id.large","16.0 GiB","2 vCPUs","8.00 GiB/vCPU","118 GB                 NVMe SSD","Up to 12.5 Gigabit","$0.1512 hourly"
"C6A Extra Large","c6a.xlarge","8.0 GiB","4 vCPUs","2.00 GiB/vCPU","EBS only","Up to 12.5 Gigabit","$0.1530 hourly"
"C6GD Extra Large","c6gd.xlarge","8.0 GiB","4 vCPUs","2.00 GiB/vCPU","237 GB                 NVMe SSD","Up to 10 Gigabit","$0.1536 hourly"
"C5A Extra Large","c5a.xlarge","8.0 GiB","4 vCPUs","2.00 GiB/vCPU","EBS only","Up to 10 Gigabit","$0.1540 hourly"
"M6G Extra Large","m6g.xlarge","16.0 GiB","4 vCPUs","4.00 GiB/vCPU","EBS only","Up to 10 Gigabit","$0.1540 hourly"
"I4G Large","i4g.large","16.0 GiB","2 vCPUs","8.00 GiB/vCPU","468 GB                 NVMe SSD","Up to 10 Gigabit","$0.1544 hourly"
"I3 High I/O Large","i3.large","15.25 GiB","2 vCPUs","7.62 GiB/vCPU","475 GB                 NVMe SSD","Up to 10 Gigabit","$0.1560 hourly"
"M6IDN Large","m6idn.large","8.0 GiB","2 vCPUs","4.00 GiB/vCPU","118 GB                 NVMe SSD","Up to 25 Gigabit","$0.1591 hourly"
"M7G Extra Large","m7g.xlarge","16.0 GiB","4 vCPUs","4.00 GiB/vCPU","EBS only","Up to 12.5 Gigabit","$0.1632 hourly"
"M5ZN Large","m5zn.large","8.0 GiB","2 vCPUs","4.00 GiB/vCPU","EBS only","Up to 25 Gigabit","$0.1652 hourly"
"R3 High-Memory Large","r3.large","15.25 GiB","2 vCPUs","7.62 GiB/vCPU","32 GB                 SSD","Moderate","$0.1660 hourly"
"T3 Extra Large","t3.xlarge","16.0 GiB","4 vCPUs                                                         for a                   9h 36m                   burst","4.00 GiB/vCPU","EBS only","Up to 5 Gigabit","$0.1664 hourly"
"R5DN Large","r5dn.large","16.0 GiB","2 vCPUs","8.00 GiB/vCPU","75 GB                 NVMe SSD","Up to 25 Gigabit","$0.1670 hourly"
"X2GD Large","x2gd.large","32.0 GiB","2 vCPUs","16.00 GiB/vCPU","118 GB                 NVMe SSD","Up to 10 Gigabit","$0.1670 hourly"
"C5 High-CPU Extra Large","c5.xlarge","8.0 GiB","4 vCPUs","2.00 GiB/vCPU","EBS only","Up to 10 Gigabit","$0.1700 hourly"
"C6I Extra Large","c6i.xlarge","8.0 GiB","4 vCPUs","2.00 GiB/vCPU","EBS only","Up to 12.5 Gigabit","$0.1700 hourly"
"I4I Large","i4i.large","16.0 GiB","2 vCPUs","8.00 GiB/vCPU","468 GB                 NVMe SSD","Up to 10 Gigabit","$0.1720 hourly"
"C5AD Extra Large","c5ad.xlarge","8.0 GiB","4 vCPUs","2.00 GiB/vCPU","150 GB                 NVMe SSD","Up to 10 Gigabit","$0.1720 hourly"
"M5A Extra Large","m5a.xlarge","16.0 GiB","4 vCPUs","4.00 GiB/vCPU","EBS only","Up to 10 Gigabit","$0.1720 hourly"
"M6A Extra Large","m6a.xlarge","16.0 GiB","4 vCPUs","4.00 GiB/vCPU","EBS only","Up to 12.5 Gigabit","$0.1728 hourly"
"C6GN Extra Large","c6gn.xlarge","8.0 GiB","4 vCPUs","2.00 GiB/vCPU","EBS only","Up to 25 Gigabit","$0.1728 hourly"
"R6IN Large","r6in.large","16.0 GiB","2 vCPUs","8.00 GiB/vCPU","EBS only","Up to 25 Gigabit","$0.1743 hourly"
"M1 General Purpose Large","m1.large","7.5 GiB","2 vCPUs","3.75 GiB/vCPU","840 GB                 (2 * 420 GB HDD)","Moderate","$0.1750 hourly"
"M6GD Extra Large","m6gd.xlarge","16.0 GiB","4 vCPUs","4.00 GiB/vCPU","237 GB                 NVMe SSD","Up to 10 Gigabit","$0.1808 hourly"
"IM4GN Large","im4gn.large","8.0 GiB","2 vCPUs","4.00 GiB/vCPU","937 GB                 NVMe SSD","Up to 25 Gigabit","$0.1819 hourly"
"T2 Extra Large","t2.xlarge","16.0 GiB","4 vCPUs                                                         for a                   5h 24m                   burst","4.00 GiB/vCPU","EBS only","Moderate","$0.1856 hourly"
"Z1D Large","z1d.large","16.0 GiB","2 vCPUs","8.00 GiB/vCPU","75 GB                 NVMe SSD","Up to 10 Gigabit","$0.1860 hourly"
"C5 High-CPU Extra Large","c5d.xlarge","8.0 GiB","4 vCPUs","2.00 GiB/vCPU","100 GB                 NVMe SSD","Up to 10 Gigabit","$0.1920 hourly"
"M6I Extra Large","m6i.xlarge","16.0 GiB","4 vCPUs","4.00 GiB/vCPU","EBS only","Up to 12.5 Gigabit","$0.1920 hourly"
"M5 General Purpose Extra Large","m5.xlarge","16.0 GiB","4 vCPUs","4.00 GiB/vCPU","EBS only","Up to 10 Gigabit","$0.1920 hourly"
"R6IDN Large","r6idn.large","16.0 GiB","2 vCPUs","8.00 GiB/vCPU","118 GB                 NVMe SSD","Up to 25 Gigabit","$0.1954 hourly"
"C4 High-CPU Extra Large","c4.xlarge","7.5 GiB","4 vCPUs","1.88 GiB/vCPU","EBS only","High","$0.1990 hourly"
"M4 General Purpose Extra Large","m4.xlarge","16.0 GiB","4 vCPUs","4.00 GiB/vCPU","EBS only","High","$0.2000 hourly"
"C6ID Extra Large","c6id.xlarge","8.0 GiB","4 vCPUs","2.00 GiB/vCPU","237 GB                 NVMe SSD","Up to 12.5 Gigabit","$0.2016 hourly"
"R6G Extra Large","r6g.xlarge","32.0 GiB","4 vCPUs","8.00 GiB/vCPU","EBS only","Up to 10 Gigabit","$0.2016 hourly"
"A1 Double Extra Large","a1.2xlarge","16.0 GiB","8 vCPUs","2.00 GiB/vCPU","EBS only","Up to 10 Gigabit","$0.2040 hourly"
"M5AD Extra Large","m5ad.xlarge","16.0 GiB","4 vCPUs","4.00 GiB/vCPU","150 GB                 NVMe SSD","Up to 10 Gigabit","$0.2060 hourly"
"C3 High-CPU Extra Large","c3.xlarge","7.5 GiB","4 vCPUs","1.88 GiB/vCPU","80 GB                 (2 * 40 GB SSD)","Moderate","$0.2100 hourly"
"R7G Extra Large","r7g.xlarge","32.0 GiB","4 vCPUs","8.00 GiB/vCPU","EBS only","Up to 12.5 Gigabit","$0.2142 hourly"
"C5N Extra Large","c5n.xlarge","10.5 GiB","4 vCPUs","2.62 GiB/vCPU","EBS only","Up to 25 Gigabit","$0.2160 hourly"
"I3EN Large","i3en.large","16.0 GiB","2 vCPUs","8.00 GiB/vCPU","1250 GB                 NVMe SSD","Up to 25 Gigabit","$0.2260 hourly"
"M5 General Purpose Extra Large","m5d.xlarge","16.0 GiB","4 vCPUs","4.00 GiB/vCPU","150 GB                 NVMe SSD","Up to 10 Gigabit","$0.2260 hourly"
"R5A Extra Large","r5a.xlarge","32.0 GiB","4 vCPUs","8.00 GiB/vCPU","EBS only","Up to 10 Gigabit","$0.2260 hourly"
"C6IN Extra Large","c6in.xlarge","8.0 GiB","4 vCPUs","2.00 GiB/vCPU","EBS only","Up to 30 Gigabit","$0.2268 hourly"
"R6A Extra Large","r6a.xlarge","32.0 GiB","4 vCPUs","8.00 GiB/vCPU","EBS only","Up to 12.5 Gigabit","$0.2268 hourly"
"INF1 Extra Large","inf1.xlarge","8.0 GiB","4 vCPUs","2.00 GiB/vCPU","EBS only","Up to 25 Gigabit","$0.2280 hourly"
"R6GD Extra Large","r6gd.xlarge","32.0 GiB","4 vCPUs","8.00 GiB/vCPU","237 GB                 NVMe SSD","Up to 10 Gigabit","$0.2304 hourly"
"M6ID Extra Large","m6id.xlarge","16.0 GiB","4 vCPUs","4.00 GiB/vCPU","237 GB                 NVMe SSD","Up to 12.5 Gigabit","$0.2373 hourly"
"M5N Extra Large","m5n.xlarge","16.0 GiB","4 vCPUs","4.00 GiB/vCPU","EBS only","Up to 25 Gigabit","$0.2380 hourly"
"M2 High Memory Extra Large","m2.xlarge","17.1 GiB","2 vCPUs","8.55 GiB/vCPU","420 GB                 HDD","Moderate","$0.2450 hourly"
"R5 Extra Large","r5.xlarge","32.0 GiB","4 vCPUs","8.00 GiB/vCPU","EBS only","Up to 10 Gigabit","$0.2520 hourly"
"R6I Extra Large","r6i.xlarge","32.0 GiB","4 vCPUs","8.00 GiB/vCPU","EBS only","Up to 12.5 Gigabit","$0.2520 hourly"
"R5AD Extra Large","r5ad.xlarge","32.0 GiB","4 vCPUs","8.00 GiB/vCPU","150 GB                 NVMe SSD","Up to 10 Gigabit","$0.2620 hourly"
"M3 General Purpose Extra Large","m3.xlarge","15.0 GiB","4 vCPUs","3.75 GiB/vCPU","80 GB                 (2 * 40 GB SSD)","High","$0.2660 hourly"
"R4 High-Memory Extra Large","r4.xlarge","30.5 GiB","4 vCPUs","7.62 GiB/vCPU","EBS only","Up to 10 Gigabit","$0.2660 hourly"
"T4G Double Extra Large","t4g.2xlarge","32.0 GiB","8 vCPUs                                                         for a                   9h 36m                   burst","4.00 GiB/vCPU","EBS only","Up to 5 Gigabit","$0.2688 hourly"
"M5DN Extra Large","m5dn.xlarge","16.0 GiB","4 vCPUs","4.00 GiB/vCPU","150 GB                 NVMe SSD","Up to 25 Gigabit","$0.2720 hourly"
"C6G Double Extra Large","c6g.2xlarge","16.0 GiB","8 vCPUs","2.00 GiB/vCPU","EBS only","Up to 10 Gigabit","$0.2720 hourly"
"M6IN Extra Large","m6in.xlarge","16.0 GiB","4 vCPUs","4.00 GiB/vCPU","EBS only","Up to 30 Gigabit","$0.2785 hourly"
"R5D Extra Large","r5d.xlarge","32.0 GiB","4 vCPUs","8.00 GiB/vCPU","150 GB                 NVMe SSD","Up to 10 Gigabit","$0.2880 hourly"
"IS4GEN Large","is4gen.large","12.0 GiB","2 vCPUs","6.00 GiB/vCPU","1875 GB                 NVMe SSD","Up to 25 Gigabit","$0.2882 hourly"
"C7G Double Extra Large","c7g.2xlarge","16.0 GiB","8 vCPUs","2.00 GiB/vCPU","EBS only","Up to 15 Gigabit","$0.2900 hourly"
"R5B Extra Large","r5b.xlarge","32.0 GiB","4 vCPUs","8.00 GiB/vCPU","EBS only","Up to 10 Gigabit","$0.2980 hourly"
"R5N Extra Large","r5n.xlarge","32.0 GiB","4 vCPUs","8.00 GiB/vCPU","EBS only","Up to 25 Gigabit","$0.2980 hourly"
"T3A Double Extra Large","t3a.2xlarge","32.0 GiB","8 vCPUs                                                         for a                   9h 36m                   burst","4.00 GiB/vCPU","EBS only","Up to 5 Gigabit","$0.3008 hourly"
"R6ID Extra Large","r6id.xlarge","32.0 GiB","4 vCPUs","8.00 GiB/vCPU","237 GB                 NVMe SSD","Up to 12.5 Gigabit","$0.3024 hourly"
"C6A Double Extra Large","c6a.2xlarge","16.0 GiB","8 vCPUs","2.00 GiB/vCPU","EBS only","Up to 12.5 Gigabit","$0.3060 hourly"
"C6GD Double Extra Large","c6gd.2xlarge","16.0 GiB","8 vCPUs","2.00 GiB/vCPU","474 GB                 NVMe SSD","Up to 10 Gigabit","$0.3072 hourly"
"M6G Double Extra Large","m6g.2xlarge","32.0 GiB","8 vCPUs","4.00 GiB/vCPU","EBS only","Up to 10 Gigabit","$0.3080 hourly"
"C5A Double Extra Large","c5a.2xlarge","16.0 GiB","8 vCPUs","2.00 GiB/vCPU","EBS only","Up to 10 Gigabit","$0.3080 hourly"
"I4G Extra Large","i4g.xlarge","32.0 GiB","4 vCPUs","8.00 GiB/vCPU","937 GB                 NVMe SSD","Up to 10 Gigabit","$0.3089 hourly"
"I3 High I/O Extra Large","i3.xlarge","30.5 GiB","4 vCPUs","7.62 GiB/vCPU","950 GB                 NVMe SSD","Up to 10 Gigabit","$0.3120 hourly"
"M6IDN Extra Large","m6idn.xlarge","16.0 GiB","4 vCPUs","4.00 GiB/vCPU","237 GB                 NVMe SSD","Up to 30 Gigabit","$0.3182 hourly"
"M7G Double Extra Large","m7g.2xlarge","32.0 GiB","8 vCPUs","4.00 GiB/vCPU","EBS only","Up to 15 Gigabit","$0.3264 hourly"
"M5ZN Extra Large","m5zn.xlarge","16.0 GiB","4 vCPUs","4.00 GiB/vCPU","EBS only","Up to 25 Gigabit","$0.3303 hourly"
"T3 Double Extra Large","t3.2xlarge","32.0 GiB","8 vCPUs                                                         for a                   9h 36m                   burst","4.00 GiB/vCPU","EBS only","Up to 5 Gigabit","$0.3328 hourly"
"R3 High-Memory Extra Large","r3.xlarge","30.5 GiB","4 vCPUs","7.62 GiB/vCPU","80 GB                 SSD","Moderate","$0.3330 hourly"
"R5DN Extra Large","r5dn.xlarge","32.0 GiB","4 vCPUs","8.00 GiB/vCPU","150 GB                 NVMe SSD","Up to 25 Gigabit","$0.3340 hourly"
"X2GD Extra Large","x2gd.xlarge","64.0 GiB","4 vCPUs","16.00 GiB/vCPU","237 GB                 NVMe SSD","Up to 10 Gigabit","$0.3340 hourly"
"C6I Double Extra Large","c6i.2xlarge","16.0 GiB","8 vCPUs","2.00 GiB/vCPU","EBS only","Up to 12.5 Gigabit","$0.3400 hourly"
"C5 High-CPU Double Extra Large","c5.2xlarge","16.0 GiB","8 vCPUs","2.00 GiB/vCPU","EBS only","Up to 10 Gigabit","$0.3400 hourly"
"I4I Extra Large","i4i.xlarge","32.0 GiB","4 vCPUs","8.00 GiB/vCPU","937 GB                 NVMe SSD","Up to 10 Gigabit","$0.3430 hourly"
"M5A Double Extra Large","m5a.2xlarge","32.0 GiB","8 vCPUs","4.00 GiB/vCPU","EBS only","Up to 10 Gigabit","$0.3440 hourly"
"C5AD Double Extra Large","c5ad.2xlarge","16.0 GiB","8 vCPUs","2.00 GiB/vCPU","300 GB                 NVMe SSD","Up to 10 Gigabit","$0.3440 hourly"
"C6GN Double Extra Large","c6gn.2xlarge","16.0 GiB","8 vCPUs","2.00 GiB/vCPU","EBS only","Up to 25 Gigabit","$0.3456 hourly"
"M6A Double Extra Large","m6a.2xlarge","32.0 GiB","8 vCPUs","4.00 GiB/vCPU","EBS only","Up to 12.5 Gigabit","$0.3456 hourly"
"R6IN Extra Large","r6in.xlarge","32.0 GiB","4 vCPUs","8.00 GiB/vCPU","EBS only","Up to 30 Gigabit","$0.3487 hourly"
"M1 General Purpose Extra Large","m1.xlarge","15.0 GiB","4 vCPUs","3.75 GiB/vCPU","1680 GB                 (4 * 420 GB HDD)","High","$0.3500 hourly"
"M6GD Double Extra Large","m6gd.2xlarge","32.0 GiB","8 vCPUs","4.00 GiB/vCPU","474 GB                 NVMe SSD","Up to 10 Gigabit","$0.3616 hourly"
"INF1 Double Extra Large","inf1.2xlarge","16.0 GiB","8 vCPUs","2.00 GiB/vCPU","EBS only","Up to 25 Gigabit","$0.3620 hourly"
"IM4GN Extra Large","im4gn.xlarge","16.0 GiB","4 vCPUs","4.00 GiB/vCPU","1875 GB                 NVMe SSD","Up to 25 Gigabit","$0.3638 hourly"
"T2 Double Extra Large","t2.2xlarge","32.0 GiB","8 vCPUs                                                         for a                   4h 4.8m                   burst","4.00 GiB/vCPU","EBS only","Moderate","$0.3712 hourly"
"Z1D Extra Large","z1d.xlarge","32.0 GiB","4 vCPUs","8.00 GiB/vCPU","150 GB                 NVMe SSD","Up to 10 Gigabit","$0.3720 hourly"
"G4AD Extra Large","g4ad.xlarge","16.0 GiB","4 vCPUs","4.00 GiB/vCPU","150 GB                 NVMe SSD","Up to 10 Gigabit","$0.3785 hourly"
"C5 High-CPU Double Extra Large","c5d.2xlarge","16.0 GiB","8 vCPUs","2.00 GiB/vCPU","200 GB                 NVMe SSD","Up to 10 Gigabit","$0.3840 hourly"
"M5 General Purpose Double Extra Large","m5.2xlarge","32.0 GiB","8 vCPUs","4.00 GiB/vCPU","EBS only","Up to 10 Gigabit","$0.3840 hourly"
"M6I Double Extra Large","m6i.2xlarge","32.0 GiB","8 vCPUs","4.00 GiB/vCPU","EBS only","Up to 12.5 Gigabit","$0.3840 hourly"
"R6IDN Extra Large","r6idn.xlarge","32.0 GiB","4 vCPUs","8.00 GiB/vCPU","237 GB                 NVMe SSD","Up to 30 Gigabit","$0.3908 hourly"
"C4 High-CPU Double Extra Large","c4.2xlarge","15.0 GiB","8 vCPUs","1.88 GiB/vCPU","EBS only","High","$0.3980 hourly"
"M4 General Purpose Double Extra Large","m4.2xlarge","32.0 GiB","8 vCPUs","4.00 GiB/vCPU","EBS only","High","$0.4000 hourly"
"C6ID Double Extra Large","c6id.2xlarge","16.0 GiB","8 vCPUs","2.00 GiB/vCPU","474 GB                 NVMe SSD","Up to 12.5 Gigabit","$0.4032 hourly"
"R6G Double Extra Large","r6g.2xlarge","64.0 GiB","8 vCPUs","8.00 GiB/vCPU","EBS only","Up to 10 Gigabit","$0.4032 hourly"
"A1 Metal","a1.metal","32.0 GiB","16 vCPUs","2.00 GiB/vCPU","EBS only","Up to 10 Gigabit","$0.4080 hourly"
"A1 Quadruple Extra Large","a1.4xlarge","32.0 GiB","16 vCPUs","2.00 GiB/vCPU","EBS only","Up to 10 Gigabit","$0.4080 hourly"
"M5AD Double Extra Large","m5ad.2xlarge","32.0 GiB","8 vCPUs","4.00 GiB/vCPU","300 GB                 NVMe SSD","Up to 10 Gigabit","$0.4120 hourly"
"C3 High-CPU Double Extra Large","c3.2xlarge","15.0 GiB","8 vCPUs","1.88 GiB/vCPU","160 GB                 (2 * 80 GB SSD)","High","$0.4200 hourly"
"G5G Extra Large","g5g.xlarge","8.0 GiB","4 vCPUs","2.00 GiB/vCPU","EBS only","Up to 10 Gigabit","$0.4200 hourly"
"R7G Double Extra Large","r7g.2xlarge","64.0 GiB","8 vCPUs","8.00 GiB/vCPU","EBS only","Up to 15 Gigabit","$0.4284 hourly"
"C5N Double Extra Large","c5n.2xlarge","21.0 GiB","8 vCPUs","2.62 GiB/vCPU","EBS only","Up to 25 Gigabit","$0.4320 hourly"
"I3EN Extra Large","i3en.xlarge","32.0 GiB","4 vCPUs","8.00 GiB/vCPU","2500 GB                 NVMe SSD","Up to 25 Gigabit","$0.4520 hourly"
"M5 General Purpose Double Extra Large","m5d.2xlarge","32.0 GiB","8 vCPUs","4.00 GiB/vCPU","300 GB                 NVMe SSD","Up to 10 Gigabit","$0.4520 hourly"
"R5A Double Extra Large","r5a.2xlarge","64.0 GiB","8 vCPUs","8.00 GiB/vCPU","EBS only","Up to 10 Gigabit","$0.4520 hourly"
"C6IN Double Extra Large","c6in.2xlarge","16.0 GiB","8 vCPUs","2.00 GiB/vCPU","EBS only","Up to 40 Gigabit","$0.4536 hourly"
"R6A Double Extra Large","r6a.2xlarge","64.0 GiB","8 vCPUs","8.00 GiB/vCPU","EBS only","Up to 12.5 Gigabit","$0.4536 hourly"
"R6GD Double Extra Large","r6gd.2xlarge","64.0 GiB","8 vCPUs","8.00 GiB/vCPU","474 GB                 NVMe SSD","Up to 10 Gigabit","$0.4608 hourly"
"H1 Double Extra Large","h1.2xlarge","32.0 GiB","8 vCPUs","4.00 GiB/vCPU","2000 GB                 HDD","Up to 10 Gigabit","$0.4680 hourly"
"M6ID Double Extra Large","m6id.2xlarge","32.0 GiB","8 vCPUs","4.00 GiB/vCPU","474 GB                 NVMe SSD","Up to 12.5 Gigabit","$0.4746 hourly"
"M5N Double Extra Large","m5n.2xlarge","32.0 GiB","8 vCPUs","4.00 GiB/vCPU","EBS only","Up to 25 Gigabit","$0.4760 hourly"
"M2 High Memory Double Extra Large","m2.2xlarge","34.2 GiB","4 vCPUs","8.55 GiB/vCPU","850 GB                 HDD","Moderate","$0.4900 hourly"
"D3 Extra Large","d3.xlarge","32.0 GiB","4 vCPUs","8.00 GiB/vCPU","5940 GB                 (3 * 1980 GB NVMe HDD)","Up to 15 Gigabit","$0.4990 hourly"
"R5 Double Extra Large","r5.2xlarge","64.0 GiB","8 vCPUs","8.00 GiB/vCPU","EBS only","Up to 10 Gigabit","$0.5040 hourly"
"R6I Double Extra Large","r6i.2xlarge","64.0 GiB","8 vCPUs","8.00 GiB/vCPU","EBS only","Up to 12.5 Gigabit","$0.5040 hourly"
"C1 High-CPU Extra Large","c1.xlarge","7.0 GiB","8 vCPUs","0.88 GiB/vCPU","1680 GB                 (4 * 420 GB HDD)","High","$0.5200 hourly"
"R5AD Double Extra Large","r5ad.2xlarge","64.0 GiB","8 vCPUs","8.00 GiB/vCPU","300 GB                 NVMe SSD","Up to 10 Gigabit","$0.5240 hourly"
"D3EN Extra Large","d3en.xlarge","16.0 GiB","4 vCPUs","4.00 GiB/vCPU","27960 GB                 (2 * 13980 GB NVMe HDD)","Up to 25 Gigabit","$0.5260 hourly"
"G4DN Extra Large","g4dn.xlarge","16.0 GiB","4 vCPUs","4.00 GiB/vCPU","125 GB                 NVMe SSD","Up to 25 Gigabit","$0.5260 hourly"
"M3 General Purpose Double Extra Large","m3.2xlarge","30.0 GiB","8 vCPUs","3.75 GiB/vCPU","160 GB                 (2 * 80 GB SSD)","High","$0.5320 hourly"
"R4 High-Memory Double Extra Large","r4.2xlarge","61.0 GiB","8 vCPUs","7.62 GiB/vCPU","EBS only","Up to 10 Gigabit","$0.5320 hourly"
"G4AD Double Extra Large","g4ad.2xlarge","32.0 GiB","8 vCPUs","4.00 GiB/vCPU","300 GB                 NVMe SSD","Up to 10 Gigabit","$0.5412 hourly"
"C6G Quadruple Extra Large","c6g.4xlarge","32.0 GiB","16 vCPUs","2.00 GiB/vCPU","EBS only","Up to 10 Gigabit","$0.5440 hourly"
"M5DN Double Extra Large","m5dn.2xlarge","32.0 GiB","8 vCPUs","4.00 GiB/vCPU","300 GB                 NVMe SSD","Up to 25 Gigabit","$0.5440 hourly"
"G5G Double Extra Large","g5g.2xlarge","16.0 GiB","8 vCPUs","2.00 GiB/vCPU","EBS only","Up to 10 Gigabit","$0.5560 hourly"
"M6IN Double Extra Large","m6in.2xlarge","32.0 GiB","8 vCPUs","4.00 GiB/vCPU","EBS only","Up to 40 Gigabit","$0.5569 hourly"
"R5D Double Extra Large","r5d.2xlarge","64.0 GiB","8 vCPUs","8.00 GiB/vCPU","300 GB                 NVMe SSD","Up to 10 Gigabit","$0.5760 hourly"
"IS4GEN Extra Large","is4gen.xlarge","24.0 GiB","4 vCPUs","6.00 GiB/vCPU","3750 GB                 NVMe SSD","Up to 25 Gigabit","$0.5763 hourly"
"C7G Quadruple Extra Large","c7g.4xlarge","32.0 GiB","16 vCPUs","2.00 GiB/vCPU","EBS only","Up to 15 Gigabit","$0.5800 hourly"
"R5N Double Extra Large","r5n.2xlarge","64.0 GiB","8 vCPUs","8.00 GiB/vCPU","EBS only","Up to 25 Gigabit","$0.5960 hourly"
"R5B Double Extra Large","r5b.2xlarge","64.0 GiB","8 vCPUs","8.00 GiB/vCPU","EBS only","Up to 10 Gigabit","$0.5960 hourly"
"R6ID Double Extra Large","r6id.2xlarge","64.0 GiB","8 vCPUs","8.00 GiB/vCPU","474 GB                 NVMe SSD","Up to 12.5 Gigabit","$0.6048 hourly"
"C6A Quadruple Extra Large","c6a.4xlarge","32.0 GiB","16 vCPUs","2.00 GiB/vCPU","EBS only","Up to 12.5 Gigabit","$0.6120 hourly"
"C6GD Quadruple Extra Large","c6gd.4xlarge","32.0 GiB","16 vCPUs","2.00 GiB/vCPU","950 GB                 NVMe SSD","Up to 10 Gigabit","$0.6144 hourly"
"C5A Quadruple Extra Large","c5a.4xlarge","32.0 GiB","16 vCPUs","2.00 GiB/vCPU","EBS only","Up to 10 Gigabit","$0.6160 hourly"
"M6G Quadruple Extra Large","m6g.4xlarge","64.0 GiB","16 vCPUs","4.00 GiB/vCPU","EBS only","Up to 10 Gigabit","$0.6160 hourly"
"I4G Double Extra Large","i4g.2xlarge","64.0 GiB","8 vCPUs","8.00 GiB/vCPU","1875 GB                 NVMe SSD","Up to 12 Gigabit","$0.6178 hourly"
"I3 High I/O Double Extra Large","i3.2xlarge","61.0 GiB","8 vCPUs","7.62 GiB/vCPU","1900 GB                 NVMe SSD","Up to 10 Gigabit","$0.6240 hourly"
"M6IDN Double Extra Large","m6idn.2xlarge","32.0 GiB","8 vCPUs","4.00 GiB/vCPU","474 GB                 NVMe SSD","Up to 40 Gigabit","$0.6365 hourly"
"G2 Double Extra Large","g2.2xlarge","15.0 GiB","8 vCPUs","1.88 GiB/vCPU","60 GB                 SSD","Moderate","$0.6500 hourly"
"VT1 3xlarge","vt1.3xlarge","24.0 GiB","12 vCPUs","2.00 GiB/vCPU","EBS only","3.12 Gigabit","$0.6500 hourly"
"M7G Quadruple Extra Large","m7g.4xlarge","64.0 GiB","16 vCPUs","4.00 GiB/vCPU","EBS only","Up to 15 Gigabit","$0.6528 hourly"
"M5ZN Double Extra Large","m5zn.2xlarge","32.0 GiB","8 vCPUs","4.00 GiB/vCPU","EBS only","Up to 25 Gigabit","$0.6607 hourly"
"R3 High-Memory Double Extra Large","r3.2xlarge","61.0 GiB","8 vCPUs","7.62 GiB/vCPU","160 GB                 SSD","High","$0.6650 hourly"
"X2GD Double Extra Large","x2gd.2xlarge","128.0 GiB","8 vCPUs","16.00 GiB/vCPU","475 GB                 NVMe SSD","Up to 10 Gigabit","$0.6680 hourly"
"R5DN Double Extra Large","r5dn.2xlarge","64.0 GiB","8 vCPUs","8.00 GiB/vCPU","300 GB                 NVMe SSD","Up to 25 Gigabit","$0.6680 hourly"
"C5 High-CPU Quadruple Extra Large","c5.4xlarge","32.0 GiB","16 vCPUs","2.00 GiB/vCPU","EBS only","Up to 10 Gigabit","$0.6800 hourly"
"C6I Quadruple Extra Large","c6i.4xlarge","32.0 GiB","16 vCPUs","2.00 GiB/vCPU","EBS only","Up to 12.5 Gigabit","$0.6800 hourly"
"I4I Double Extra Large","i4i.2xlarge","64.0 GiB","8 vCPUs","8.00 GiB/vCPU","1875 GB                 NVMe SSD","Up to 12 Gigabit","$0.6860 hourly"
"M5A Quadruple Extra Large","m5a.4xlarge","64.0 GiB","16 vCPUs","4.00 GiB/vCPU","EBS only","Up to 10 Gigabit","$0.6880 hourly"
"C5AD Quadruple Extra Large","c5ad.4xlarge","32.0 GiB","16 vCPUs","2.00 GiB/vCPU","600 GB                 (2 * 300 GB NVMe SSD)","Up to 10 Gigabit","$0.6880 hourly"
"D2 Extra Large","d2.xlarge","30.5 GiB","4 vCPUs","7.62 GiB/vCPU","6144 GB                 (3 * 2048 GB HDD)","Moderate","$0.6900 hourly"
"M6A Quadruple Extra Large","m6a.4xlarge","64.0 GiB","16 vCPUs","4.00 GiB/vCPU","EBS only","Up to 12.5 Gigabit","$0.6912 hourly"
"C6GN Quadruple Extra Large","c6gn.4xlarge","32.0 GiB","16 vCPUs","2.00 GiB/vCPU","EBS only","Up to 25 Gigabit","$0.6912 hourly"
"R6IN Double Extra Large","r6in.2xlarge","64.0 GiB","8 vCPUs","8.00 GiB/vCPU","EBS only","Up to 40 Gigabit","$0.6973 hourly"
"M6GD Quadruple Extra Large","m6gd.4xlarge","64.0 GiB","16 vCPUs","4.00 GiB/vCPU","950 GB                 NVMe SSD","Up to 10 Gigabit","$0.7232 hourly"
"IM4GN Double Extra Large","im4gn.2xlarge","32.0 GiB","8 vCPUs","4.00 GiB/vCPU","3750 GB                 NVMe SSD","Up to 25 Gigabit","$0.7276 hourly"
"Z1D Double Extra Large","z1d.2xlarge","64.0 GiB","8 vCPUs","8.00 GiB/vCPU","300 GB                 NVMe SSD","Up to 10 Gigabit","$0.7440 hourly"
"G3S Extra Large","g3s.xlarge","30.5 GiB","4 vCPUs","7.62 GiB/vCPU","EBS only","Up to 10 Gigabit","$0.7500 hourly"
"G4DN Double Extra Large","g4dn.2xlarge","32.0 GiB","8 vCPUs","4.00 GiB/vCPU","225 GB                 NVMe SSD","Up to 25 Gigabit","$0.7520 hourly"
"M5 General Purpose Quadruple Extra Large","m5.4xlarge","64.0 GiB","16 vCPUs","4.00 GiB/vCPU","EBS only","Up to 10 Gigabit","$0.7680 hourly"
"M6I Quadruple Extra Large","m6i.4xlarge","64.0 GiB","16 vCPUs","4.00 GiB/vCPU","EBS only","Up to 12.5 Gigabit","$0.7680 hourly"
"C5 High-CPU Quadruple Extra Large","c5d.4xlarge","32.0 GiB","16 vCPUs","2.00 GiB/vCPU","400 GB                 NVMe SSD","Up to 10 Gigabit","$0.7680 hourly"
"R6IDN Double Extra Large","r6idn.2xlarge","64.0 GiB","8 vCPUs","8.00 GiB/vCPU","474 GB                 NVMe SSD","Up to 40 Gigabit","$0.7816 hourly"
"C4 High-CPU Quadruple Extra Large","c4.4xlarge","30.0 GiB","16 vCPUs","1.88 GiB/vCPU","EBS only","High","$0.7960 hourly"
"M4 General Purpose Quadruple Extra Large","m4.4xlarge","64.0 GiB","16 vCPUs","4.00 GiB/vCPU","EBS only","High","$0.8000 hourly"
"C6ID Quadruple Extra Large","c6id.4xlarge","32.0 GiB","16 vCPUs","2.00 GiB/vCPU","950 GB                 NVMe SSD","Up to 12.5 Gigabit","$0.8064 hourly"
"R6G Quadruple Extra Large","r6g.4xlarge","128.0 GiB","16 vCPUs","8.00 GiB/vCPU","EBS only","Up to 10 Gigabit","$0.8064 hourly"
"M5AD Quadruple Extra Large","m5ad.4xlarge","64.0 GiB","16 vCPUs","4.00 GiB/vCPU","600 GB                 (2 * 300 GB NVMe SSD)","Up to 10 Gigabit","$0.8240 hourly"
"G5G Quadruple Extra Large","g5g.4xlarge","32.0 GiB","16 vCPUs","2.00 GiB/vCPU","EBS only","Up to 10 Gigabit","$0.8280 hourly"
"X2IEDN Extra Large","x2iedn.xlarge","128.0 GiB","4 vCPUs","32.00 GiB/vCPU","118 GB                 NVMe SSD","Up to 25 Gigabit","$0.8336 hourly"
"X1E Extra Large","x1e.xlarge","122.0 GiB","4 vCPUs","30.50 GiB/vCPU","120 GB                 SSD","Up to 10 Gigabit","$0.8340 hourly"
"C3 High-CPU Quadruple Extra Large","c3.4xlarge","30.0 GiB","16 vCPUs","1.88 GiB/vCPU","320 GB                 (2 * 160 GB SSD)","High","$0.8400 hourly"
"I2 Extra Large","i2.xlarge","30.5 GiB","4 vCPUs","7.62 GiB/vCPU","800 GB                 SSD","Moderate","$0.8530 hourly"
"R7G Quadruple Extra Large","r7g.4xlarge","128.0 GiB","16 vCPUs","8.00 GiB/vCPU","EBS only","Up to 15 Gigabit","$0.8568 hourly"
"C5N Quadruple Extra Large","c5n.4xlarge","42.0 GiB","16 vCPUs","2.62 GiB/vCPU","EBS only","Up to 25 Gigabit","$0.8640 hourly"
"G4AD Quadruple Extra Large","g4ad.4xlarge","64.0 GiB","16 vCPUs","4.00 GiB/vCPU","600 GB                 NVMe SSD","Up to 10 Gigabit","$0.8670 hourly"
"P2 General Purpose GPU Extra Large","p2.xlarge","61.0 GiB","4 vCPUs","15.25 GiB/vCPU","EBS only","High","$0.9000 hourly"
"I3EN Double Extra Large","i3en.2xlarge","64.0 GiB","8 vCPUs","8.00 GiB/vCPU","5000 GB                 (2 * 2500 GB NVMe SSD)","Up to 25 Gigabit","$0.9040 hourly"
"M5 General Purpose Quadruple Extra Large","m5d.4xlarge","64.0 GiB","16 vCPUs","4.00 GiB/vCPU","600 GB                 (2 * 300 GB NVMe SSD)","Up to 10 Gigabit","$0.9040 hourly"
"R5A Quadruple Extra Large","r5a.4xlarge","128.0 GiB","16 vCPUs","8.00 GiB/vCPU","EBS only","Up to 10 Gigabit","$0.9040 hourly"
"R6A Quadruple Extra Large","r6a.4xlarge","128.0 GiB","16 vCPUs","8.00 GiB/vCPU","EBS only","Up to 12.5 Gigabit","$0.9072 hourly"
"C6IN Quadruple Extra Large","c6in.4xlarge","32.0 GiB","16 vCPUs","2.00 GiB/vCPU","EBS only","Up to 50 Gigabit","$0.9072 hourly"
"R6GD Quadruple Extra Large","r6gd.4xlarge","128.0 GiB","16 vCPUs","8.00 GiB/vCPU","950 GB                 NVMe SSD","Up to 10 Gigabit","$0.9216 hourly"
"H1 Quadruple Extra Large","h1.4xlarge","64.0 GiB","16 vCPUs","4.00 GiB/vCPU","4000 GB                 (2 * 2000 GB HDD)","Up to 10 Gigabit","$0.9360 hourly"
"M6ID Quadruple Extra Large","m6id.4xlarge","64.0 GiB","16 vCPUs","4.00 GiB/vCPU","950 GB                 NVMe SSD","Up to 12.5 Gigabit","$0.9492 hourly"
"M5N Quadruple Extra Large","m5n.4xlarge","64.0 GiB","16 vCPUs","4.00 GiB/vCPU","EBS only","Up to 25 Gigabit","$0.9520 hourly"
"M2 High Memory Quadruple Extra Large","m2.4xlarge","68.4 GiB","8 vCPUs","8.55 GiB/vCPU","1680 GB                 (2 * 840 GB HDD)","High","$0.9800 hourly"
"M5ZN 3xlarge","m5zn.3xlarge","48.0 GiB","12 vCPUs","4.00 GiB/vCPU","EBS only","Up to 25 Gigabit","$0.9910 hourly"
"D3 Double Extra Large","d3.2xlarge","64.0 GiB","8 vCPUs","8.00 GiB/vCPU","11880 GB                 (6 * 1980 GB NVMe HDD)","Up to 15 Gigabit","$0.9990 hourly"
"G5 Graphics and Machine Learning GPU Extra Large","g5.xlarge","16.0 GiB","4 vCPUs","4.00 GiB/vCPU","250 GB                 NVMe SSD","Up to 10 Gigabit","$1.0060 hourly"
"R6I Quadruple Extra Large","r6i.4xlarge","128.0 GiB","16 vCPUs","8.00 GiB/vCPU","EBS only","Up to 12.5 Gigabit","$1.0080 hourly"
"R5 Quadruple Extra Large","r5.4xlarge","128.0 GiB","16 vCPUs","8.00 GiB/vCPU","EBS only","Up to 10 Gigabit","$1.0080 hourly"
"R5AD Quadruple Extra Large","r5ad.4xlarge","128.0 GiB","16 vCPUs","8.00 GiB/vCPU","600 GB                 (2 * 300 GB NVMe SSD)","Up to 10 Gigabit","$1.0480 hourly"
"D3EN Double Extra Large","d3en.2xlarge","32.0 GiB","8 vCPUs","4.00 GiB/vCPU","55920 GB                 (4 * 13980 GB NVMe HDD)","Up to 25 Gigabit","$1.0510 hourly"
"R4 High-Memory Quadruple Extra Large","r4.4xlarge","122.0 GiB","16 vCPUs","7.62 GiB/vCPU","EBS only","Up to 10 Gigabit","$1.0640 hourly"
"M5DN Quadruple Extra Large","m5dn.4xlarge","64.0 GiB","16 vCPUs","4.00 GiB/vCPU","600 GB                 (2 * 300 GB NVMe SSD)","Up to 25 Gigabit","$1.0880 hourly"
"C6G Eight Extra Large","c6g.8xlarge","64.0 GiB","32 vCPUs","2.00 GiB/vCPU","EBS only","12 Gigabit","$1.0880 hourly"
"M6IN Quadruple Extra Large","m6in.4xlarge","64.0 GiB","16 vCPUs","4.00 GiB/vCPU","EBS only","Up to 50 Gigabit","$1.1138 hourly"
"Z1D 3xlarge","z1d.3xlarge","96.0 GiB","12 vCPUs","8.00 GiB/vCPU","450 GB                 NVMe SSD","Up to 10 Gigabit","$1.1160 hourly"
"G3 Graphics GPU Quadruple Extra Large","g3.4xlarge","122.0 GiB","16 vCPUs","7.62 GiB/vCPU","EBS only","Up to 10 Gigabit","$1.1400 hourly"
"R5D Quadruple Extra Large","r5d.4xlarge","128.0 GiB","16 vCPUs","8.00 GiB/vCPU","600 GB                 (2 * 300 GB NVMe SSD)","Up to 10 Gigabit","$1.1520 hourly"
"IS4GEN Double Extra Large","is4gen.2xlarge","48.0 GiB","8 vCPUs","6.00 GiB/vCPU","7500 GB                 NVMe SSD","Up to 25 Gigabit","$1.1526 hourly"
"C7G Eight Extra Large","c7g.8xlarge","64.0 GiB","32 vCPUs","2.00 GiB/vCPU","EBS only","15 Gigabit","$1.1600 hourly"
"INF1 6xlarge","inf1.6xlarge","48.0 GiB","24 vCPUs","2.00 GiB/vCPU","EBS only","25 Gigabit","$1.1800 hourly"
"R5N Quadruple Extra Large","r5n.4xlarge","128.0 GiB","16 vCPUs","8.00 GiB/vCPU","EBS only","Up to 25 Gigabit","$1.1920 hourly"
"R5B Quadruple Extra Large","r5b.4xlarge","128.0 GiB","16 vCPUs","8.00 GiB/vCPU","EBS only","Up to 10 Gigabit","$1.1920 hourly"
"G4DN Quadruple Extra Large","g4dn.4xlarge","64.0 GiB","16 vCPUs","4.00 GiB/vCPU","225 GB                 NVMe SSD","Up to 25 Gigabit","$1.2040 hourly"
"R6ID Quadruple Extra Large","r6id.4xlarge","128.0 GiB","16 vCPUs","8.00 GiB/vCPU","950 GB                 NVMe SSD","Up to 12.5 Gigabit","$1.2096 hourly"
"G5 Graphics and Machine Learning GPU Double Extra Large","g5.2xlarge","32.0 GiB","8 vCPUs","4.00 GiB/vCPU","450 GB                 NVMe SSD","Up to 10 Gigabit","$1.2120 hourly"
"C6A Eight Extra Large","c6a.8xlarge","64.0 GiB","32 vCPUs","2.00 GiB/vCPU","EBS only","12.5 Gigabit","$1.2240 hourly"
"C6GD Eight Extra Large","c6gd.8xlarge","64.0 GiB","32 vCPUs","2.00 GiB/vCPU","1900 GB                 NVMe SSD","12 Gigabit","$1.2288 hourly"
"C5A Eight Extra Large","c5a.8xlarge","64.0 GiB","32 vCPUs","2.00 GiB/vCPU","EBS only","10 Gigabit","$1.2320 hourly"
"M6G Eight Extra Large","m6g.8xlarge","128.0 GiB","32 vCPUs","4.00 GiB/vCPU","EBS only","12 Gigabit","$1.2320 hourly"
"I4G Quadruple Extra Large","i4g.4xlarge","128.0 GiB","16 vCPUs","8.00 GiB/vCPU","3750 GB                 NVMe SSD","Up to 25 Gigabit","$1.2355 hourly"
"I3 High I/O Quadruple Extra Large","i3.4xlarge","122.0 GiB","16 vCPUs","7.62 GiB/vCPU","3800 GB                 (2 * 1900 GB NVMe SSD)","Up to 10 Gigabit","$1.2480 hourly"
"M6IDN Quadruple Extra Large","m6idn.4xlarge","64.0 GiB","16 vCPUs","4.00 GiB/vCPU","950 GB                 NVMe SSD","Up to 50 Gigabit","$1.2730 hourly"
"VT1 6xlarge","vt1.6xlarge","48.0 GiB","24 vCPUs","2.00 GiB/vCPU","EBS only","6.25 Gigabit","$1.3000 hourly"
"M7G Eight Extra Large","m7g.8xlarge","128.0 GiB","32 vCPUs","4.00 GiB/vCPU","EBS only","15 Gigabit","$1.3056 hourly"
"R3 High-Memory Quadruple Extra Large","r3.4xlarge","122.0 GiB","16 vCPUs","7.62 GiB/vCPU","320 GB                 SSD","High","$1.3300 hourly"
"R5DN Quadruple Extra Large","r5dn.4xlarge","128.0 GiB","16 vCPUs","8.00 GiB/vCPU","600 GB                 (2 * 300 GB NVMe SSD)","Up to 25 Gigabit","$1.3360 hourly"
"X2GD Quadruple Extra Large","x2gd.4xlarge","256.0 GiB","16 vCPUs","16.00 GiB/vCPU","950 GB                 NVMe SSD","Up to 10 Gigabit","$1.3360 hourly"
"TRN1 Double Extra Large","trn1.2xlarge","32.0 GiB","8 vCPUs","4.00 GiB/vCPU","474 GB                 NVMe SSD","Up to 12.5 Gigabit","$1.3438 hourly"
"I3EN 3xlarge","i3en.3xlarge","96.0 GiB","12 vCPUs","8.00 GiB/vCPU","7500 GB                 NVMe SSD","Up to 25 Gigabit","$1.3560 hourly"
"C6I Eight Extra Large","c6i.8xlarge","64.0 GiB","32 vCPUs","2.00 GiB/vCPU","EBS only","12.5 Gigabit","$1.3600 hourly"
"G5G Eight Extra Large","g5g.8xlarge","64.0 GiB","32 vCPUs","2.00 GiB/vCPU","EBS only","12 Gigabit","$1.3720 hourly"
"I4I Quadruple Extra Large","i4i.4xlarge","128.0 GiB","16 vCPUs","8.00 GiB/vCPU","3750 GB                 NVMe SSD","Up to 25 Gigabit","$1.3730 hourly"
"M5A Eight Extra Large","m5a.8xlarge","128.0 GiB","32 vCPUs","4.00 GiB/vCPU","EBS only","Up to 10 Gigabit","$1.3760 hourly"
"C5AD Eight Extra Large","c5ad.8xlarge","64.0 GiB","32 vCPUs","2.00 GiB/vCPU","1200 GB                 (2 * 600 GB NVMe SSD)","10 Gigabit","$1.3760 hourly"
"D2 Double Extra Large","d2.2xlarge","61.0 GiB","8 vCPUs","7.62 GiB/vCPU","12288 GB                 (6 * 2048 GB HDD)","High","$1.3800 hourly"
"C6GN Eight Extra Large","c6gn.8xlarge","64.0 GiB","32 vCPUs","2.00 GiB/vCPU","EBS only","50 Gigabit","$1.3824 hourly"
"M6A Eight Extra Large","m6a.8xlarge","128.0 GiB","32 vCPUs","4.00 GiB/vCPU","EBS only","12.5 Gigabit","$1.3824 hourly"
"R6IN Quadruple Extra Large","r6in.4xlarge","128.0 GiB","16 vCPUs","8.00 GiB/vCPU","EBS only","Up to 50 Gigabit","$1.3946 hourly"
"M6GD Eight Extra Large","m6gd.8xlarge","128.0 GiB","32 vCPUs","4.00 GiB/vCPU","1900 GB                 NVMe SSD","12 Gigabit","$1.4464 hourly"
"IM4GN Quadruple Extra Large","im4gn.4xlarge","64.0 GiB","16 vCPUs","4.00 GiB/vCPU","7500 GB                 NVMe SSD","25 Gigabit","$1.4552 hourly"
"C5 High-CPU 9xlarge","c5.9xlarge","72.0 GiB","36 vCPUs","2.00 GiB/vCPU","EBS only","12 Gigabit","$1.5300 hourly"
"M6I Eight Extra Large","m6i.8xlarge","128.0 GiB","32 vCPUs","4.00 GiB/vCPU","EBS only","12.5 Gigabit","$1.5360 hourly"
"M5 General Purpose Eight Extra Large","m5.8xlarge","128.0 GiB","32 vCPUs","4.00 GiB/vCPU","EBS only","10 Gigabit","$1.5360 hourly"
"R6IDN Quadruple Extra Large","r6idn.4xlarge","128.0 GiB","16 vCPUs","8.00 GiB/vCPU","950 GB                 NVMe SSD","Up to 50 Gigabit","$1.5631 hourly"
"C4 High-CPU Eight Extra Large","c4.8xlarge","60.0 GiB","36 vCPUs","1.67 GiB/vCPU","EBS only","10 Gigabit","$1.5910 hourly"
"C6ID Eight Extra Large","c6id.8xlarge","64.0 GiB","32 vCPUs","2.00 GiB/vCPU","1900 GB                 NVMe SSD","12.5 Gigabit","$1.6128 hourly"
"R6G Eight Extra Large","r6g.8xlarge","256.0 GiB","32 vCPUs","8.00 GiB/vCPU","EBS only","12 Gigabit","$1.6128 hourly"
"G5 Graphics and Machine Learning GPU Quadruple Extra Large","g5.4xlarge","64.0 GiB","16 vCPUs","4.00 GiB/vCPU","600 GB                 NVMe SSD","Up to 25 Gigabit","$1.6240 hourly"
"C6G 12xlarge","c6g.12xlarge","96.0 GiB","48 vCPUs","2.00 GiB/vCPU","EBS only","20 Gigabit","$1.6320 hourly"
"M5AD Eight Extra Large","m5ad.8xlarge","128.0 GiB","32 vCPUs","4.00 GiB/vCPU","1200 GB                 (2 * 600 GB NVMe SSD)","Up to 10 Gigabit","$1.6480 hourly"
"F1 Double Extra Large","f1.2xlarge","122.0 GiB","8 vCPUs","15.25 GiB/vCPU","470 GB                 NVMe SSD","Up to 10 Gigabit","$1.6500 hourly"
"X2IEDN Double Extra Large","x2iedn.2xlarge","256.0 GiB","8 vCPUs","32.00 GiB/vCPU","237 GB                 NVMe SSD","Up to 25 Gigabit","$1.6672 hourly"
"X2IEZN Double Extra Large","x2iezn.2xlarge","256.0 GiB","8 vCPUs","32.00 GiB/vCPU","EBS only","Up to 25 Gigabit","$1.6680 hourly"
"X1E Double Extra Large","x1e.2xlarge","244.0 GiB","8 vCPUs","30.50 GiB/vCPU","240 GB                 SSD","Up to 10 Gigabit","$1.6680 hourly"
"C3 High-CPU Eight Extra Large","c3.8xlarge","60.0 GiB","32 vCPUs","1.88 GiB/vCPU","640 GB                 (2 * 320 GB SSD)","10 Gigabit","$1.6800 hourly"
"I2 Double Extra Large","i2.2xlarge","61.0 GiB","8 vCPUs","7.62 GiB/vCPU","1600 GB                 (2 * 800 GB SSD)","High","$1.7050 hourly"
"R7G Eight Extra Large","r7g.8xlarge","256.0 GiB","32 vCPUs","8.00 GiB/vCPU","EBS only","15 Gigabit","$1.7136 hourly"
"C5 High-CPU 9xlarge","c5d.9xlarge","72.0 GiB","36 vCPUs","2.00 GiB/vCPU","900 GB                 NVMe SSD","12 Gigabit","$1.7280 hourly"
"G4AD Eight Extra Large","g4ad.8xlarge","128.0 GiB","32 vCPUs","4.00 GiB/vCPU","1200 GB                 NVMe SSD","15 Gigabit","$1.7340 hourly"
"C7G 12xlarge","c7g.12xlarge","96.0 GiB","48 vCPUs","2.00 GiB/vCPU","EBS only","22.5 Gigabit","$1.7400 hourly"
"R5A Eight Extra Large","r5a.8xlarge","256.0 GiB","32 vCPUs","8.00 GiB/vCPU","EBS only","Up to 10 Gigabit","$1.8080 hourly"
"M5 General Purpose Eight Extra Large","m5d.8xlarge","128.0 GiB","32 vCPUs","4.00 GiB/vCPU","1200 GB                 (2 * 600 GB NVMe SSD)","10 Gigabit","$1.8080 hourly"
"R6A Eight Extra Large","r6a.8xlarge","256.0 GiB","32 vCPUs","8.00 GiB/vCPU","EBS only","12.5 Gigabit","$1.8144 hourly"
"C6IN Eight Extra Large","c6in.8xlarge","64.0 GiB","32 vCPUs","2.00 GiB/vCPU","EBS only","50 Gigabit","$1.8144 hourly"
"C6A 12xlarge","c6a.12xlarge","96.0 GiB","48 vCPUs","2.00 GiB/vCPU","EBS only","18.75 Gigabit","$1.8360 hourly"
"C6GD 12xlarge","c6gd.12xlarge","96.0 GiB","48 vCPUs","2.00 GiB/vCPU","2850 GB                 (2 * 1425 GB NVMe SSD)","20 Gigabit","$1.8432 hourly"
"R6GD Eight Extra Large","r6gd.8xlarge","256.0 GiB","32 vCPUs","8.00 GiB/vCPU","1900 GB                 NVMe SSD","12 Gigabit","$1.8432 hourly"
"C5A 12xlarge","c5a.12xlarge","96.0 GiB","48 vCPUs","2.00 GiB/vCPU","EBS only","12 Gigabit","$1.8480 hourly"
"M6G 12xlarge","m6g.12xlarge","192.0 GiB","48 vCPUs","4.00 GiB/vCPU","EBS only","20 Gigabit","$1.8480 hourly"
"H1 Eight Extra Large","h1.8xlarge","128.0 GiB","32 vCPUs","4.00 GiB/vCPU","8000 GB                 (4 * 2000 GB HDD)","10 Gigabit","$1.8720 hourly"
"M6ID Eight Extra Large","m6id.8xlarge","128.0 GiB","32 vCPUs","4.00 GiB/vCPU","1900 GB                 NVMe SSD","12.5 Gigabit","$1.8984 hourly"
"M5N Eight Extra Large","m5n.8xlarge","128.0 GiB","32 vCPUs","4.00 GiB/vCPU","EBS only","25 Gigabit","$1.9040 hourly"
"C5N 9xlarge","c5n.9xlarge","96.0 GiB","36 vCPUs","2.67 GiB/vCPU","EBS only","50 Gigabit","$1.9440 hourly"
"M7G 12xlarge","m7g.12xlarge","192.0 GiB","48 vCPUs","4.00 GiB/vCPU","EBS only","22.5 Gigabit","$1.9584 hourly"
"M5ZN 6xlarge","m5zn.6xlarge","96.0 GiB","24 vCPUs","4.00 GiB/vCPU","EBS only","50 Gigabit","$1.9820 hourly"
"D3 Quadruple Extra Large","d3.4xlarge","128.0 GiB","16 vCPUs","8.00 GiB/vCPU","23760 GB                 (12 * 1980 GB NVMe HDD)","Up to 15 Gigabit","$1.9980 hourly"
"M4 General Purpose Deca Extra Large","m4.10xlarge","160.0 GiB","40 vCPUs","4.00 GiB/vCPU","EBS only","10 Gigabit","$2.0000 hourly"
"Cluster Compute Eight Extra Large","cc2.8xlarge","60.5 GiB","32 vCPUs","1.89 GiB/vCPU","3360 GB                 (4 * 840 GB HDD)","10 Gigabit","$2.0000 hourly"
"R5 Eight Extra Large","r5.8xlarge","256.0 GiB","32 vCPUs","8.00 GiB/vCPU","EBS only","10 Gigabit","$2.0160 hourly"
"R6I Eight Extra Large","r6i.8xlarge","256.0 GiB","32 vCPUs","8.00 GiB/vCPU","EBS only","12.5 Gigabit","$2.0160 hourly"
"C5 High-CPU 12xlarge","c5.12xlarge","96.0 GiB","48 vCPUs","2.00 GiB/vCPU","EBS only","12 Gigabit","$2.0400 hourly"
"C6I 12xlarge","c6i.12xlarge","96.0 GiB","48 vCPUs","2.00 GiB/vCPU","EBS only","18.75 Gigabit","$2.0400 hourly"
"M5A 12xlarge","m5a.12xlarge","192.0 GiB","48 vCPUs","4.00 GiB/vCPU","EBS only","10 Gigabit","$2.0640 hourly"
"C5AD 12xlarge","c5ad.12xlarge","96.0 GiB","48 vCPUs","2.00 GiB/vCPU","1800 GB                 (2 * 900 GB NVMe SSD)","12 Gigabit","$2.0640 hourly"
"C6GN 12xlarge","c6gn.12xlarge","96.0 GiB","48 vCPUs","2.00 GiB/vCPU","EBS only","75 Gigabit","$2.0736 hourly"
"M6A 12xlarge","m6a.12xlarge","192.0 GiB","48 vCPUs","4.00 GiB/vCPU","EBS only","18.75 Gigabit","$2.0736 hourly"
"R5AD Eight Extra Large","r5ad.8xlarge","256.0 GiB","32 vCPUs","8.00 GiB/vCPU","1200 GB                 (2 * 600 GB NVMe SSD)","Up to 10 Gigabit","$2.0960 hourly"
"D3EN Quadruple Extra Large","d3en.4xlarge","64.0 GiB","16 vCPUs","4.00 GiB/vCPU","111840 GB                 (8 * 13980 GB NVMe HDD)","25 Gigabit","$2.1030 hourly"
"R4 High-Memory Eight Extra Large","r4.8xlarge","244.0 GiB","32 vCPUs","7.62 GiB/vCPU","EBS only","10 Gigabit","$2.1280 hourly"
"M6GD 12xlarge","m6gd.12xlarge","192.0 GiB","48 vCPUs","4.00 GiB/vCPU","2850 GB                 (2 * 1425 GB NVMe SSD)","20 Gigabit","$2.1696 hourly"
"G4DN Eight Extra Large","g4dn.8xlarge","128.0 GiB","32 vCPUs","4.00 GiB/vCPU","900 GB                 NVMe SSD","50 Gigabit","$2.1760 hourly"
"C6G 16xlarge","c6g.16xlarge","128.0 GiB","64 vCPUs","2.00 GiB/vCPU","EBS only","25 Gigabit","$2.1760 hourly"
"M5DN Eight Extra Large","m5dn.8xlarge","128.0 GiB","32 vCPUs","4.00 GiB/vCPU","1200 GB                 (2 * 600 GB NVMe SSD)","25 Gigabit","$2.1760 hourly"
"C6G Metal","c6g.metal","128.0 GiB","64 vCPUs","2.00 GiB/vCPU","EBS only","25 Gigabit","$2.1760 hourly"
"M6IN Eight Extra Large","m6in.8xlarge","128.0 GiB","32 vCPUs","4.00 GiB/vCPU","EBS only","50 Gigabit","$2.2277 hourly"
"Z1D 6xlarge","z1d.6xlarge","192.0 GiB","24 vCPUs","8.00 GiB/vCPU","900 GB                 NVMe SSD","12 Gigabit","$2.2320 hourly"
"G3 Graphics GPU Eight Extra Large","g3.8xlarge","244.0 GiB","32 vCPUs","7.62 GiB/vCPU","EBS only","10 Gigabit","$2.2800 hourly"
"M5 General Purpose 12xlarge","m5.12xlarge","192.0 GiB","48 vCPUs","4.00 GiB/vCPU","EBS only","12 Gigabit","$2.3040 hourly"
"R5D Eight Extra Large","r5d.8xlarge","256.0 GiB","32 vCPUs","8.00 GiB/vCPU","1200 GB                 (2 * 600 GB NVMe SSD)","10 Gigabit","$2.3040 hourly"
"C5 High-CPU 12xlarge","c5d.12xlarge","96.0 GiB","48 vCPUs","2.00 GiB/vCPU","1800 GB                 (2 * 900 GB NVMe SSD)","12 Gigabit","$2.3040 hourly"
"M6I 12xlarge","m6i.12xlarge","192.0 GiB","48 vCPUs","4.00 GiB/vCPU","EBS only","18.75 Gigabit","$2.3040 hourly"
"IS4GEN Quadruple Extra Large","is4gen.4xlarge","96.0 GiB","16 vCPUs","6.00 GiB/vCPU","15000 GB                 (2 * 7500 GB NVMe SSD)","25 Gigabit","$2.3052 hourly"
"C7G 16xlarge","c7g.16xlarge","128.0 GiB","64 vCPUs","2.00 GiB/vCPU","EBS only","30 Gigabit","$2.3200 hourly"
"C7G Metal","c7g.metal","128.0 GiB","64 vCPUs","2.00 GiB/vCPU","EBS only","30 Gigabit","$2.3200 hourly"
"R5N Eight Extra Large","r5n.8xlarge","256.0 GiB","32 vCPUs","8.00 GiB/vCPU","EBS only","25 Gigabit","$2.3840 hourly"
"R5B Eight Extra Large","r5b.8xlarge","256.0 GiB","32 vCPUs","8.00 GiB/vCPU","EBS only","10 Gigabit","$2.3840 hourly"
"R6G 12xlarge","r6g.12xlarge","384.0 GiB","48 vCPUs","8.00 GiB/vCPU","EBS only","20 Gigabit","$2.4192 hourly"
"R6ID Eight Extra Large","r6id.8xlarge","256.0 GiB","32 vCPUs","8.00 GiB/vCPU","1900 GB                 NVMe SSD","12.5 Gigabit","$2.4192 hourly"
"C6ID 12xlarge","c6id.12xlarge","96.0 GiB","48 vCPUs","2.00 GiB/vCPU","2850 GB                 (2 * 1425 GB NVMe SSD)","18.75 Gigabit","$2.4192 hourly"
"G5 Graphics and Machine Learning GPU Eight Extra Large","g5.8xlarge","128.0 GiB","32 vCPUs","4.00 GiB/vCPU","900 GB                 NVMe SSD","25 Gigabit","$2.4480 hourly"
"C6A 16xlarge","c6a.16xlarge","128.0 GiB","64 vCPUs","2.00 GiB/vCPU","EBS only","25 Gigabit","$2.4480 hourly"
"C6GD Metal","c6gd.metal","128.0 GiB","64 vCPUs","2.00 GiB/vCPU","3800 GB                 (2 * 1900 GB NVMe SSD)","25 Gigabit","$2.4576 hourly"
"C6GD 16xlarge","c6gd.16xlarge","128.0 GiB","64 vCPUs","2.00 GiB/vCPU","3800 GB                 (2 * 1900 GB NVMe SSD)","25 Gigabit","$2.4576 hourly"
"M6G 16xlarge","m6g.16xlarge","256.0 GiB","64 vCPUs","4.00 GiB/vCPU","EBS only","25 Gigabit","$2.4640 hourly"
"M6G Metal","m6g.metal","256.0 GiB","64 vCPUs","4.00 GiB/vCPU","EBS only","25 Gigabit","$2.4640 hourly"
"C5A 16xlarge","c5a.16xlarge","128.0 GiB","64 vCPUs","2.00 GiB/vCPU","EBS only","20 Gigabit","$2.4640 hourly"
"I4G Eight Extra Large","i4g.8xlarge","256.0 GiB","32 vCPUs","8.00 GiB/vCPU","7500 GB                 (2 * 3750 GB NVMe SSD)","18.75 Gigabit","$2.4710 hourly"
"M5AD 12xlarge","m5ad.12xlarge","192.0 GiB","48 vCPUs","4.00 GiB/vCPU","1800 GB                 (2 * 900 GB NVMe SSD)","10 Gigabit","$2.4720 hourly"
"I3 High I/O Eight Extra Large","i3.8xlarge","244.0 GiB","32 vCPUs","7.62 GiB/vCPU","7600 GB                 (4 * 1900 GB NVMe SSD)","10 Gigabit","$2.4960 hourly"
"M6IDN Eight Extra Large","m6idn.8xlarge","128.0 GiB","32 vCPUs","4.00 GiB/vCPU","1900 GB                 NVMe SSD","50 Gigabit","$2.5459 hourly"
"R7G 12xlarge","r7g.12xlarge","384.0 GiB","48 vCPUs","8.00 GiB/vCPU","EBS only","22.5 Gigabit","$2.5704 hourly"
"G2 Eight Extra Large","g2.8xlarge","60.0 GiB","32 vCPUs","1.88 GiB/vCPU","240 GB                 (2 * 120 GB SSD)","High","$2.6000 hourly"
"M7G 16xlarge","m7g.16xlarge","256.0 GiB","64 vCPUs","4.00 GiB/vCPU","EBS only","30 Gigabit","$2.6112 hourly"
"M7G Metal","m7g.metal","256.0 GiB","64 vCPUs","4.00 GiB/vCPU","EBS only","30 Gigabit","$2.6112 hourly"
"R3 High-Memory Eight Extra Large","r3.8xlarge","244.0 GiB","32 vCPUs","7.62 GiB/vCPU","640 GB                 (2 * 320 GB SSD)","10 Gigabit","$2.6600 hourly"
"R5DN Eight Extra Large","r5dn.8xlarge","256.0 GiB","32 vCPUs","8.00 GiB/vCPU","1200 GB                 (2 * 600 GB NVMe SSD)","25 Gigabit","$2.6720 hourly"
"X2GD Eight Extra Large","x2gd.8xlarge","512.0 GiB","32 vCPUs","16.00 GiB/vCPU","1900 GB                 NVMe SSD","12 Gigabit","$2.6720 hourly"
"M5 General Purpose 12xlarge","m5d.12xlarge","192.0 GiB","48 vCPUs","4.00 GiB/vCPU","1800 GB                 (2 * 900 GB NVMe SSD)","12 Gigabit","$2.7120 hourly"
"I3EN 6xlarge","i3en.6xlarge","192.0 GiB","24 vCPUs","8.00 GiB/vCPU","15000 GB                 (2 * 7500 GB NVMe SSD)","25 Gigabit","$2.7120 hourly"
"R5A 12xlarge","r5a.12xlarge","384.0 GiB","48 vCPUs","8.00 GiB/vCPU","EBS only","10 Gigabit","$2.7120 hourly"
"C6I 16xlarge","c6i.16xlarge","128.0 GiB","64 vCPUs","2.00 GiB/vCPU","EBS only","25 Gigabit","$2.7200 hourly"
"R6A 12xlarge","r6a.12xlarge","384.0 GiB","48 vCPUs","8.00 GiB/vCPU","EBS only","18.75 Gigabit","$2.7216 hourly"
"C6IN 12xlarge","c6in.12xlarge","96.0 GiB","48 vCPUs","2.00 GiB/vCPU","EBS only","75 Gigabit","$2.7216 hourly"
"G5G Metal","g5g.metal","128.0 GiB","64 vCPUs","2.00 GiB/vCPU","EBS only","25 Gigabit","$2.7440 hourly"
"G5G 16xlarge","g5g.16xlarge","128.0 GiB","64 vCPUs","2.00 GiB/vCPU","EBS only","25 Gigabit","$2.7440 hourly"
"I4I Eight Extra Large","i4i.8xlarge","256.0 GiB","32 vCPUs","8.00 GiB/vCPU","7500 GB                 (2 * 3750 GB NVMe SSD)","18.75 Gigabit","$2.7460 hourly"
"M5A 16xlarge","m5a.16xlarge","256.0 GiB","64 vCPUs","4.00 GiB/vCPU","EBS only","12 Gigabit","$2.7520 hourly"
"C5AD 16xlarge","c5ad.16xlarge","128.0 GiB","64 vCPUs","2.00 GiB/vCPU","2400 GB                 (2 * 1200 GB NVMe SSD)","20 Gigabit","$2.7520 hourly"
"D2 Quadruple Extra Large","d2.4xlarge","122.0 GiB","16 vCPUs","7.62 GiB/vCPU","24576 GB                 (12 * 2048 GB HDD)","High","$2.7600 hourly"
"R6GD 12xlarge","r6gd.12xlarge","384.0 GiB","48 vCPUs","8.00 GiB/vCPU","2850 GB                 (2 * 1425 GB NVMe SSD)","20 Gigabit","$2.7648 hourly"
"M6A 16xlarge","m6a.16xlarge","256.0 GiB","64 vCPUs","4.00 GiB/vCPU","EBS only","25 Gigabit","$2.7648 hourly"
"C6GN 16xlarge","c6gn.16xlarge","128.0 GiB","64 vCPUs","2.00 GiB/vCPU","EBS only","100 Gigabit","$2.7648 hourly"
"R6IN Eight Extra Large","r6in.8xlarge","256.0 GiB","32 vCPUs","8.00 GiB/vCPU","EBS only","50 Gigabit","$2.7893 hourly"
"M6ID 12xlarge","m6id.12xlarge","192.0 GiB","48 vCPUs","4.00 GiB/vCPU","2850 GB                 (2 * 1425 GB NVMe SSD)","18.75 Gigabit","$2.8476 hourly"
"M5N 12xlarge","m5n.12xlarge","192.0 GiB","48 vCPUs","4.00 GiB/vCPU","EBS only","50 Gigabit","$2.8560 hourly"
"M6GD 16xlarge","m6gd.16xlarge","256.0 GiB","64 vCPUs","4.00 GiB/vCPU","3800 GB                 (2 * 1900 GB NVMe SSD)","25 Gigabit","$2.8928 hourly"
"M6GD Metal","m6gd.metal","256.0 GiB","64 vCPUs","4.00 GiB/vCPU","3800 GB                 (2 * 1900 GB NVMe SSD)","25 Gigabit","$2.8928 hourly"
"IM4GN Eight Extra Large","im4gn.8xlarge","128.0 GiB","32 vCPUs","4.00 GiB/vCPU","15000 GB                 (2 * 7500 GB NVMe SSD)","50 Gigabit","$2.9103 hourly"
"R5 12xlarge","r5.12xlarge","384.0 GiB","48 vCPUs","8.00 GiB/vCPU","EBS only","12 Gigabit","$3.0240 hourly"
"R6I 12xlarge","r6i.12xlarge","384.0 GiB","48 vCPUs","8.00 GiB/vCPU","EBS only","18.75 Gigabit","$3.0240 hourly"
"C5 High-CPU 18xlarge","c5.18xlarge","144.0 GiB","72 vCPUs","2.00 GiB/vCPU","EBS only","25 Gigabit","$3.0600 hourly"
"P3 High Performance GPU Double Extra Large","p3.2xlarge","61.0 GiB","8 vCPUs","7.62 GiB/vCPU","EBS only","Up to 10 Gigabit","$3.0600 hourly"
"M6I 16xlarge","m6i.16xlarge","256.0 GiB","64 vCPUs","4.00 GiB/vCPU","EBS only","25 Gigabit","$3.0720 hourly"
"M5 General Purpose 16xlarge","m5.16xlarge","256.0 GiB","64 vCPUs","4.00 GiB/vCPU","EBS only","20 Gigabit","$3.0720 hourly"
"R6IDN Eight Extra Large","r6idn.8xlarge","256.0 GiB","32 vCPUs","8.00 GiB/vCPU","1900 GB                 NVMe SSD","50 Gigabit","$3.1262 hourly"
"R5AD 12xlarge","r5ad.12xlarge","384.0 GiB","48 vCPUs","8.00 GiB/vCPU","1800 GB                 (2 * 900 GB NVMe SSD)","10 Gigabit","$3.1440 hourly"
"D3EN 6xlarge","d3en.6xlarge","96.0 GiB","24 vCPUs","4.00 GiB/vCPU","167760 GB                 (12 * 13980 GB NVMe HDD)","40 Gigabit","$3.1540 hourly"
"M4 General Purpose 16xlarge","m4.16xlarge","256.0 GiB","64 vCPUs","4.00 GiB/vCPU","EBS only","25 Gigabit","$3.2000 hourly"
"C6ID 16xlarge","c6id.16xlarge","128.0 GiB","64 vCPUs","2.00 GiB/vCPU","3800 GB                 (2 * 1900 GB NVMe SSD)","25 Gigabit","$3.2256 hourly"
"R6G Metal","r6g.metal","512.0 GiB","64 vCPUs","8.00 GiB/vCPU","EBS only","25 Gigabit","$3.2256 hourly"
"R6G 16xlarge","r6g.16xlarge","512.0 GiB","64 vCPUs","8.00 GiB/vCPU","EBS only","25 Gigabit","$3.2256 hourly"
"M5DN 12xlarge","m5dn.12xlarge","192.0 GiB","48 vCPUs","4.00 GiB/vCPU","1800 GB                 (2 * 900 GB NVMe SSD)","50 Gigabit","$3.2640 hourly"
"M5AD 16xlarge","m5ad.16xlarge","256.0 GiB","64 vCPUs","4.00 GiB/vCPU","2400 GB                 (4 * 600 GB NVMe SSD)","12 Gigabit","$3.2960 hourly"
"F1 Quadruple Extra Large","f1.4xlarge","244.0 GiB","16 vCPUs","15.25 GiB/vCPU","940 GB                 NVMe SSD","Up to 10 Gigabit","$3.3000 hourly"
"X2IEDN Quadruple Extra Large","x2iedn.4xlarge","512.0 GiB","16 vCPUs","32.00 GiB/vCPU","475 GB                 NVMe SSD","Up to 25 Gigabit","$3.3345 hourly"
"X1E Quadruple Extra Large","x1e.4xlarge","488.0 GiB","16 vCPUs","30.50 GiB/vCPU","480 GB                 SSD","Up to 10 Gigabit","$3.3360 hourly"
"X2IEZN Quadruple Extra Large","x2iezn.4xlarge","512.0 GiB","16 vCPUs","32.00 GiB/vCPU","EBS only","Up to 25 Gigabit","$3.3360 hourly"
"M6IN 12xlarge","m6in.12xlarge","192.0 GiB","48 vCPUs","4.00 GiB/vCPU","EBS only","75 Gigabit","$3.3415 hourly"
"I2 Quadruple Extra Large","i2.4xlarge","122.0 GiB","16 vCPUs","7.62 GiB/vCPU","3200 GB                 (4 * 800 GB SSD)","High","$3.4100 hourly"
"R7G Metal","r7g.metal","512.0 GiB","64 vCPUs","8.00 GiB/vCPU","EBS only","30 Gigabit","$3.4272 hourly"
"R7G 16xlarge","r7g.16xlarge","512.0 GiB","64 vCPUs","8.00 GiB/vCPU","EBS only","30 Gigabit","$3.4272 hourly"
"C5 High-CPU 18xlarge","c5d.18xlarge","144.0 GiB","72 vCPUs","2.00 GiB/vCPU","1800 GB                 (2 * 900 GB NVMe SSD)","25 Gigabit","$3.4560 hourly"
"R5D 12xlarge","r5d.12xlarge","384.0 GiB","48 vCPUs","8.00 GiB/vCPU","1800 GB                 (2 * 900 GB NVMe SSD)","12 Gigabit","$3.4560 hourly"
"G4AD 16xlarge","g4ad.16xlarge","256.0 GiB","64 vCPUs","4.00 GiB/vCPU","2400 GB                 (2 * 1200 GB NVMe SSD)","25 Gigabit","$3.4680 hourly"
"High Memory Cluster Eight Extra Large","cr1.8xlarge","244.0 GiB","32 vCPUs","7.62 GiB/vCPU","240 GB                 (2 * 120 GB HDD)","10 Gigabit","$3.5000 hourly"
"R5N 12xlarge","r5n.12xlarge","384.0 GiB","48 vCPUs","8.00 GiB/vCPU","EBS only","50 Gigabit","$3.5760 hourly"
"R5B 12xlarge","r5b.12xlarge","384.0 GiB","48 vCPUs","8.00 GiB/vCPU","EBS only","12 Gigabit","$3.5760 hourly"
"M5 General Purpose 16xlarge","m5d.16xlarge","256.0 GiB","64 vCPUs","4.00 GiB/vCPU","2400 GB                 (4 * 600 GB NVMe SSD)","20 Gigabit","$3.6160 hourly"
"R5A 16xlarge","r5a.16xlarge","512.0 GiB","64 vCPUs","8.00 GiB/vCPU","EBS only","12 Gigabit","$3.6160 hourly"
"R6A 16xlarge","r6a.16xlarge","512.0 GiB","64 vCPUs","8.00 GiB/vCPU","EBS only","25 Gigabit","$3.6288 hourly"
"R6ID 12xlarge","r6id.12xlarge","384.0 GiB","48 vCPUs","8.00 GiB/vCPU","2850 GB                 (2 * 1425 GB NVMe SSD)","18.75 Gigabit","$3.6288 hourly"
"C6IN 16xlarge","c6in.16xlarge","128.0 GiB","64 vCPUs","2.00 GiB/vCPU","EBS only","100 Gigabit","$3.6288 hourly"
"C6A 24xlarge","c6a.24xlarge","192.0 GiB","96 vCPUs","2.00 GiB/vCPU","EBS only","37.5 Gigabit","$3.6720 hourly"
"R6GD 16xlarge","r6gd.16xlarge","512.0 GiB","64 vCPUs","8.00 GiB/vCPU","3800 GB                 (2 * 1900 GB NVMe SSD)","25 Gigabit","$3.6864 hourly"
"R6GD Metal","r6gd.metal","512.0 GiB","64 vCPUs","8.00 GiB/vCPU","3800 GB                 (2 * 1900 GB NVMe SSD)","25 Gigabit","$3.6864 hourly"
"C5A 24xlarge","c5a.24xlarge","192.0 GiB","96 vCPUs","2.00 GiB/vCPU","EBS only","20 Gigabit","$3.6960 hourly"
"H1 16xlarge","h1.16xlarge","256.0 GiB","64 vCPUs","4.00 GiB/vCPU","16000 GB                 (8 * 2000 GB HDD)","25 Gigabit","$3.7440 hourly"
"M6ID 16xlarge","m6id.16xlarge","256.0 GiB","64 vCPUs","4.00 GiB/vCPU","3800 GB                 (2 * 1900 GB NVMe SSD)","25 Gigabit","$3.7968 hourly"
"M5N 16xlarge","m5n.16xlarge","256.0 GiB","64 vCPUs","4.00 GiB/vCPU","EBS only","75 Gigabit","$3.8080 hourly"
"M6IDN 12xlarge","m6idn.12xlarge","192.0 GiB","48 vCPUs","4.00 GiB/vCPU","2850 GB                 (2 * 1425 GB NVMe SSD)","75 Gigabit","$3.8189 hourly"
"C5N 18xlarge","c5n.18xlarge","192.0 GiB","72 vCPUs","2.67 GiB/vCPU","EBS only","100 Gigabit","$3.8880 hourly"
"C5N Metal","c5n.metal","192.0 GiB","72 vCPUs","2.67 GiB/vCPU","EBS only","100 Gigabit","$3.8880 hourly"
"G4DN 12xlarge","g4dn.12xlarge","192.0 GiB","48 vCPUs","4.00 GiB/vCPU","900 GB                 NVMe SSD","50 Gigabit","$3.9120 hourly"
"M5ZN Metal","m5zn.metal","192.0 GiB","48 vCPUs","4.00 GiB/vCPU","EBS only","100 Gigabit","$3.9641 hourly"
"M5ZN 12xlarge","m5zn.12xlarge","192.0 GiB","48 vCPUs","4.00 GiB/vCPU","EBS only","100 Gigabit","$3.9641 hourly"
"D3 Eight Extra Large","d3.8xlarge","256.0 GiB","32 vCPUs","8.00 GiB/vCPU","47520 GB                 (24 * 1980 GB NVMe HDD)","25 Gigabit","$3.9955 hourly"
"R5DN 12xlarge","r5dn.12xlarge","384.0 GiB","48 vCPUs","8.00 GiB/vCPU","1800 GB                 (2 * 900 GB NVMe SSD)","50 Gigabit","$4.0080 hourly"
"X2GD 12xlarge","x2gd.12xlarge","768.0 GiB","48 vCPUs","16.00 GiB/vCPU","2850 GB                 (2 * 1425 GB NVMe SSD)","20 Gigabit","$4.0080 hourly"
"R6I 16xlarge","r6i.16xlarge","512.0 GiB","64 vCPUs","8.00 GiB/vCPU","EBS only","25 Gigabit","$4.0320 hourly"
"R5 16xlarge","r5.16xlarge","512.0 GiB","64 vCPUs","8.00 GiB/vCPU","EBS only","20 Gigabit","$4.0320 hourly"
"C5 High-CPU Metal","c5.metal","192.0 GiB","96 vCPUs","2.00 GiB/vCPU","EBS only","25 Gigabit","$4.0800 hourly"
"C5 High-CPU 24xlarge","c5.24xlarge","192.0 GiB","96 vCPUs","2.00 GiB/vCPU","EBS only","25 Gigabit","$4.0800 hourly"
"C6I 24xlarge","c6i.24xlarge","192.0 GiB","96 vCPUs","2.00 GiB/vCPU","EBS only","37.5 Gigabit","$4.0800 hourly"
"G5 Graphics and Machine Learning GPU 16xlarge","g5.16xlarge","256.0 GiB","64 vCPUs","4.00 GiB/vCPU","1900 GB                 NVMe SSD","25 Gigabit","$4.0960 hourly"
"C5AD 24xlarge","c5ad.24xlarge","192.0 GiB","96 vCPUs","2.00 GiB/vCPU","3800 GB                 (2 * 1900 GB NVMe SSD)","20 Gigabit","$4.1280 hourly"
"M5A 24xlarge","m5a.24xlarge","384.0 GiB","96 vCPUs","4.00 GiB/vCPU","EBS only","20 Gigabit","$4.1280 hourly"
"M6A 24xlarge","m6a.24xlarge","384.0 GiB","96 vCPUs","4.00 GiB/vCPU","EBS only","37.5 Gigabit","$4.1472 hourly"
"R6IN 12xlarge","r6in.12xlarge","384.0 GiB","48 vCPUs","8.00 GiB/vCPU","EBS only","75 Gigabit","$4.1839 hourly"
"R5AD 16xlarge","r5ad.16xlarge","512.0 GiB","64 vCPUs","8.00 GiB/vCPU","2400 GB                 (4 * 600 GB NVMe SSD)","12 Gigabit","$4.1920 hourly"
"D3EN Eight Extra Large","d3en.8xlarge","128.0 GiB","32 vCPUs","4.00 GiB/vCPU","223680 GB                 (16 * 13980 GB NVMe HDD)","50 Gigabit","$4.2058 hourly"
"R4 High-Memory 16xlarge","r4.16xlarge","488.0 GiB","64 vCPUs","7.62 GiB/vCPU","EBS only","25 Gigabit","$4.2560 hourly"
"M5DN 16xlarge","m5dn.16xlarge","256.0 GiB","64 vCPUs","4.00 GiB/vCPU","2400 GB                 (4 * 600 GB NVMe SSD)","75 Gigabit","$4.3520 hourly"
"G4DN 16xlarge","g4dn.16xlarge","256.0 GiB","64 vCPUs","4.00 GiB/vCPU","900 GB                 NVMe SSD","50 Gigabit","$4.3520 hourly"
"M6IN 16xlarge","m6in.16xlarge","256.0 GiB","64 vCPUs","4.00 GiB/vCPU","EBS only","100 Gigabit","$4.4554 hourly"
"Z1D Metal","z1d.metal","384.0 GiB","48 vCPUs","8.00 GiB/vCPU","1800 GB                 (2 * 900 GB NVMe SSD)","25 Gigabit","$4.4640 hourly"
"Z1D 12xlarge","z1d.12xlarge","384.0 GiB","48 vCPUs","8.00 GiB/vCPU","1800 GB                 (2 * 900 GB NVMe SSD)","25 Gigabit","$4.4640 hourly"
"G3 Graphics GPU 16xlarge","g3.16xlarge","488.0 GiB","64 vCPUs","7.62 GiB/vCPU","EBS only","25 Gigabit","$4.5600 hourly"
"High Storage Eight Extra Large","hs1.8xlarge","117.0 GiB","16 vCPUs","7.31 GiB/vCPU","49152 GB                 (24 * 2048 GB HDD)","10 Gigabit","$4.6000 hourly"
"M5 General Purpose 24xlarge","m5.24xlarge","384.0 GiB","96 vCPUs","4.00 GiB/vCPU","EBS only","25 Gigabit","$4.6080 hourly"
"M6I 24xlarge","m6i.24xlarge","384.0 GiB","96 vCPUs","4.00 GiB/vCPU","EBS only","37.5 Gigabit","$4.6080 hourly"
"C5 High-CPU 24xlarge","c5d.24xlarge","192.0 GiB","96 vCPUs","2.00 GiB/vCPU","3600 GB                 (4 * 900 GB NVMe SSD)","25 Gigabit","$4.6080 hourly"
"M5 General Purpose Metal","m5.metal","384.0 GiB","96 vCPUs","4.00 GiB/vCPU","EBS only","25 Gigabit","$4.6080 hourly"
"C5 High-CPU Metal","c5d.metal","192.0 GiB","96 vCPUs","2.00 GiB/vCPU","3600 GB                 (4 * 900 GB NVMe SSD)","25 Gigabit","$4.6080 hourly"
"R5D 16xlarge","r5d.16xlarge","512.0 GiB","64 vCPUs","8.00 GiB/vCPU","2400 GB                 (4 * 600 GB NVMe SSD)","20 Gigabit","$4.6080 hourly"
"IS4GEN Eight Extra Large","is4gen.8xlarge","192.0 GiB","32 vCPUs","6.00 GiB/vCPU","30000 GB                 (4 * 7500 GB NVMe SSD)","50 Gigabit","$4.6104 hourly"
"R6IDN 12xlarge","r6idn.12xlarge","384.0 GiB","48 vCPUs","8.00 GiB/vCPU","2850 GB                 (2 * 1425 GB NVMe SSD)","75 Gigabit","$4.6894 hourly"
"INF1 24xlarge","inf1.24xlarge","192.0 GiB","96 vCPUs","2.00 GiB/vCPU","EBS only","100 Gigabit","$4.7210 hourly"
"R5B 16xlarge","r5b.16xlarge","512.0 GiB","64 vCPUs","8.00 GiB/vCPU","EBS only","20 Gigabit","$4.7680 hourly"
"R5N 16xlarge","r5n.16xlarge","512.0 GiB","64 vCPUs","8.00 GiB/vCPU","EBS only","75 Gigabit","$4.7680 hourly"
"C6ID 24xlarge","c6id.24xlarge","192.0 GiB","96 vCPUs","2.00 GiB/vCPU","5700 GB                 (4 * 1425 GB NVMe SSD)","37.5 Gigabit","$4.8384 hourly"
"R6ID 16xlarge","r6id.16xlarge","512.0 GiB","64 vCPUs","8.00 GiB/vCPU","3800 GB                 (2 * 1900 GB NVMe SSD)","25 Gigabit","$4.8384 hourly"
"C6A 32xlarge","c6a.32xlarge","256.0 GiB","128 vCPUs","2.00 GiB/vCPU","EBS only","50 Gigabit","$4.8960 hourly"
"I4G 16xlarge","i4g.16xlarge","512.0 GiB","64 vCPUs","8.00 GiB/vCPU","15000 GB                 (4 * 3750 GB NVMe SSD)","37.5 Gigabit","$4.9421 hourly"
"M5AD 24xlarge","m5ad.24xlarge","384.0 GiB","96 vCPUs","4.00 GiB/vCPU","3600 GB                 (4 * 900 GB NVMe SSD)","20 Gigabit","$4.9440 hourly"
"I3 High I/O 16xlarge","i3.16xlarge","488.0 GiB","64 vCPUs","7.62 GiB/vCPU","15200 GB                 (8 * 1900 GB NVMe SSD)","25 Gigabit","$4.9920 hourly"
"I3 High I/O Metal","i3.metal","512.0 GiB","72 vCPUs","7.11 GiB/vCPU","15200 GB                 (8 * 1900 GB NVMe SSD)","25 Gigabit","$4.9920 hourly"
"X2IEZN 6xlarge","x2iezn.6xlarge","768.0 GiB","24 vCPUs","32.00 GiB/vCPU","EBS only","50 Gigabit","$5.0040 hourly"
"M6IDN 16xlarge","m6idn.16xlarge","256.0 GiB","64 vCPUs","4.00 GiB/vCPU","3800 GB                 (2 * 1900 GB NVMe SSD)","100 Gigabit","$5.0918 hourly"
"VT1 24xlarge","vt1.24xlarge","192.0 GiB","96 vCPUs","2.00 GiB/vCPU","EBS only","25 Gigabit","$5.2000 hourly"
"R5DN 16xlarge","r5dn.16xlarge","512.0 GiB","64 vCPUs","8.00 GiB/vCPU","2400 GB                 (4 * 600 GB NVMe SSD)","75 Gigabit","$5.3440 hourly"
"X2GD Metal","x2gd.metal","1024.0 GiB","64 vCPUs","16.00 GiB/vCPU","3800 GB                 (2 * 1900 GB NVMe SSD)","25 Gigabit","$5.3440 hourly"
"X2GD 16xlarge","x2gd.16xlarge","1024.0 GiB","64 vCPUs","16.00 GiB/vCPU","3800 GB                 (2 * 1900 GB NVMe SSD)","25 Gigabit","$5.3440 hourly"
"M5 General Purpose 24xlarge","m5d.24xlarge","384.0 GiB","96 vCPUs","4.00 GiB/vCPU","3600 GB                 (4 * 900 GB NVMe SSD)","25 Gigabit","$5.4240 hourly"
"I3EN 12xlarge","i3en.12xlarge","384.0 GiB","48 vCPUs","8.00 GiB/vCPU","30000 GB                 (4 * 7500 GB NVMe SSD)","50 Gigabit","$5.4240 hourly"
"R5A 24xlarge","r5a.24xlarge","768.0 GiB","96 vCPUs","8.00 GiB/vCPU","EBS only","20 Gigabit","$5.4240 hourly"
"M5 General Purpose Metal","m5d.metal","384.0 GiB","96 vCPUs","4.00 GiB/vCPU","3600 GB                 (4 * 900 GB NVMe SSD)","25 Gigabit","$5.4240 hourly"
"C6I 32xlarge","c6i.32xlarge","256.0 GiB","128 vCPUs","2.00 GiB/vCPU","EBS only","50 Gigabit","$5.4400 hourly"
"C6I Metal","c6i.metal","256.0 GiB","128 vCPUs","2.00 GiB/vCPU","EBS only","50 Gigabit","$5.4400 hourly"
"C6IN 24xlarge","c6in.24xlarge","192.0 GiB","96 vCPUs","2.00 GiB/vCPU","EBS only","150 Gigabit","$5.4432 hourly"
"R6A 24xlarge","r6a.24xlarge","768.0 GiB","96 vCPUs","8.00 GiB/vCPU","EBS only","37.5 Gigabit","$5.4432 hourly"
"I4I 16xlarge","i4i.16xlarge","512.0 GiB","64 vCPUs","8.00 GiB/vCPU","15000 GB                 (4 * 3750 GB NVMe SSD)","37.5 Gigabit","$5.4910 hourly"
"D2 Eight Extra Large","d2.8xlarge","244.0 GiB","36 vCPUs","6.78 GiB/vCPU","49152 GB                 (24 * 2048 GB HDD)","10 Gigabit","$5.5200 hourly"
"M6A 32xlarge","m6a.32xlarge","512.0 GiB","128 vCPUs","4.00 GiB/vCPU","EBS only","50 Gigabit","$5.5296 hourly"
"R6IN 16xlarge","r6in.16xlarge","512.0 GiB","64 vCPUs","8.00 GiB/vCPU","EBS only","100 Gigabit","$5.5786 hourly"
"G5 Graphics and Machine Learning GPU 12xlarge","g5.12xlarge","192.0 GiB","48 vCPUs","4.00 GiB/vCPU","3800 GB                 NVMe SSD","40 Gigabit","$5.6720 hourly"
"M6ID 24xlarge","m6id.24xlarge","384.0 GiB","96 vCPUs","4.00 GiB/vCPU","5700 GB                 (4 * 1425 GB NVMe SSD)","37.5 Gigabit","$5.6952 hourly"
"M5N Metal","m5n.metal","384.0 GiB","96 vCPUs","4.00 GiB/vCPU","EBS only","100 Gigabit","$5.7120 hourly"
"M5N 24xlarge","m5n.24xlarge","384.0 GiB","96 vCPUs","4.00 GiB/vCPU","EBS only","100 Gigabit","$5.7120 hourly"
"IM4GN 16xlarge","im4gn.16xlarge","256.0 GiB","64 vCPUs","4.00 GiB/vCPU","30000 GB                 (4 * 7500 GB NVMe SSD)","100 Gigabit","$5.8207 hourly"
"R5 Metal","r5.metal","768.0 GiB","96 vCPUs","8.00 GiB/vCPU","EBS only","25 Gigabit","$6.0480 hourly"
"R5 24xlarge","r5.24xlarge","768.0 GiB","96 vCPUs","8.00 GiB/vCPU","EBS only","25 Gigabit","$6.0480 hourly"
"R6I 24xlarge","r6i.24xlarge","768.0 GiB","96 vCPUs","8.00 GiB/vCPU","EBS only","37.5 Gigabit","$6.0480 hourly"
"M6I 32xlarge","m6i.32xlarge","512.0 GiB","128 vCPUs","4.00 GiB/vCPU","EBS only","50 Gigabit","$6.1440 hourly"
"M6I Metal","m6i.metal","512.0 GiB","128 vCPUs","4.00 GiB/vCPU","EBS only","50 Gigabit","$6.1440 hourly"
"R6IDN 16xlarge","r6idn.16xlarge","512.0 GiB","64 vCPUs","8.00 GiB/vCPU","3800 GB                 (2 * 1900 GB NVMe SSD)","100 Gigabit","$6.2525 hourly"
"R5AD 24xlarge","r5ad.24xlarge","768.0 GiB","96 vCPUs","8.00 GiB/vCPU","3600 GB                 (4 * 900 GB NVMe SSD)","20 Gigabit","$6.2880 hourly"
"D3EN 12xlarge","d3en.12xlarge","192.0 GiB","48 vCPUs","4.00 GiB/vCPU","335520 GB                 (24 * 13980 GB NVMe HDD)","75 Gigabit","$6.3086 hourly"
"C6ID 32xlarge","c6id.32xlarge","256.0 GiB","128 vCPUs","2.00 GiB/vCPU","7600 GB                 (4 * 1900 GB NVMe SSD)","50 Gigabit","$6.4512 hourly"
"C6ID Metal","c6id.metal","256.0 GiB","128 vCPUs","2.00 GiB/vCPU","7600 GB                 (4 * 1900 GB NVMe SSD)","50 Gigabit","$6.4512 hourly"
"M5DN 24xlarge","m5dn.24xlarge","384.0 GiB","96 vCPUs","4.00 GiB/vCPU","3600 GB                 (4 * 900 GB NVMe SSD)","100 Gigabit","$6.5280 hourly"
"M5DN Metal","m5dn.metal","384.0 GiB","96 vCPUs","4.00 GiB/vCPU","3600 GB                 (4 * 900 GB NVMe SSD)","100 Gigabit","$6.5280 hourly"
"X1 Extra High-Memory 16xlarge","x1.16xlarge","976.0 GiB","64 vCPUs","15.25 GiB/vCPU","1920 GB                 SSD","10 Gigabit","$6.6690 hourly"
"X2IEDN Eight Extra Large","x2iedn.8xlarge","1024.0 GiB","32 vCPUs","32.00 GiB/vCPU","950 GB                 NVMe SSD","25 Gigabit","$6.6690 hourly"
"X2IDN 16xlarge","x2idn.16xlarge","1024.0 GiB","64 vCPUs","16.00 GiB/vCPU","1900 GB                 NVMe SSD","50 Gigabit","$6.6690 hourly"
"X1E Eight Extra Large","x1e.8xlarge","976.0 GiB","32 vCPUs","30.50 GiB/vCPU","960 GB                 SSD","Up to 10 Gigabit","$6.6720 hourly"
"X2IEZN Eight Extra Large","x2iezn.8xlarge","1024.0 GiB","32 vCPUs","32.00 GiB/vCPU","EBS only","75 Gigabit","$6.6720 hourly"
"M6IN 24xlarge","m6in.24xlarge","384.0 GiB","96 vCPUs","4.00 GiB/vCPU","EBS only","150 Gigabit","$6.6830 hourly"
"I2 Eight Extra Large","i2.8xlarge","244.0 GiB","32 vCPUs","7.62 GiB/vCPU","6400 GB                 (8 * 800 GB SSD)","10 Gigabit","$6.8200 hourly"
"R5D 24xlarge","r5d.24xlarge","768.0 GiB","96 vCPUs","8.00 GiB/vCPU","3600 GB                 (4 * 900 GB NVMe SSD)","25 Gigabit","$6.9120 hourly"
"R5D Metal","r5d.metal","768.0 GiB","96 vCPUs","8.00 GiB/vCPU","3600 GB                 (4 * 900 GB NVMe SSD)","25 Gigabit","$6.9120 hourly"
"R5N 24xlarge","r5n.24xlarge","768.0 GiB","96 vCPUs","8.00 GiB/vCPU","EBS only","100 Gigabit","$7.1520 hourly"
"R5B 24xlarge","r5b.24xlarge","768.0 GiB","96 vCPUs","8.00 GiB/vCPU","EBS only","25 Gigabit","$7.1520 hourly"
"R5N Metal","r5n.metal","768.0 GiB","96 vCPUs","8.00 GiB/vCPU","EBS only","100 Gigabit","$7.1520 hourly"
"R5B Metal","r5b.metal","768.0 GiB","96 vCPUs","8.00 GiB/vCPU","EBS only","25 Gigabit","$7.1520 hourly"
"P2 General Purpose GPU Eight Extra Large","p2.8xlarge","488.0 GiB","32 vCPUs","15.25 GiB/vCPU","EBS only","10 Gigabit","$7.2000 hourly"
"R6ID 24xlarge","r6id.24xlarge","768.0 GiB","96 vCPUs","8.00 GiB/vCPU","5700 GB                 (4 * 1425 GB NVMe SSD)","37.5 Gigabit","$7.2576 hourly"
"C6IN 32xlarge","c6in.32xlarge","256.0 GiB","128 vCPUs","2.00 GiB/vCPU","EBS only","200 Gigabit","$7.2576 hourly"
"R6A 32xlarge","r6a.32xlarge","1024.0 GiB","128 vCPUs","8.00 GiB/vCPU","EBS only","50 Gigabit","$7.2576 hourly"
"C6IN Metal","c6in.metal","256.0 GiB","128 vCPUs","2.00 GiB/vCPU","EBS only","200 Gigabit","$7.2576 hourly"
"C6A 48xlarge","c6a.48xlarge","384.0 GiB","192 vCPUs","2.00 GiB/vCPU","EBS only","50 Gigabit","$7.3440 hourly"
"C6A Metal","c6a.metal","384.0 GiB","192 vCPUs","2.00 GiB/vCPU","EBS only","50 Gigabit","$7.3440 hourly"
"M6ID 32xlarge","m6id.32xlarge","512.0 GiB","128 vCPUs","4.00 GiB/vCPU","7600 GB                 (4 * 1900 GB NVMe SSD)","50 Gigabit","$7.5936 hourly"
"M6ID Metal","m6id.metal","512.0 GiB","128 vCPUs","4.00 GiB/vCPU","7600 GB                 (4 * 1900 GB NVMe SSD)","50 Gigabit","$7.5936 hourly"
"M6IDN 24xlarge","m6idn.24xlarge","384.0 GiB","96 vCPUs","4.00 GiB/vCPU","5700 GB                 (4 * 1425 GB NVMe SSD)","150 Gigabit","$7.6378 hourly"
"G4DN Metal","g4dn.metal","384.0 GiB","96 vCPUs","4.00 GiB/vCPU","1800 GB                 (2 * 900 GB NVMe SSD)","100 Gigabit","$7.8240 hourly"
"R5DN Metal","r5dn.metal","768.0 GiB","96 vCPUs","8.00 GiB/vCPU","3600 GB                 (4 * 900 GB NVMe SSD)","100 Gigabit","$8.0160 hourly"
"R5DN 24xlarge","r5dn.24xlarge","768.0 GiB","96 vCPUs","8.00 GiB/vCPU","3600 GB                 (4 * 900 GB NVMe SSD)","100 Gigabit","$8.0160 hourly"
"R6I Metal","r6i.metal","1024.0 GiB","128 vCPUs","8.00 GiB/vCPU","EBS only","50 Gigabit","$8.0640 hourly"
"R6I 32xlarge","r6i.32xlarge","1024.0 GiB","128 vCPUs","8.00 GiB/vCPU","EBS only","50 Gigabit","$8.0640 hourly"
"G5 Graphics and Machine Learning GPU 24xlarge","g5.24xlarge","384.0 GiB","96 vCPUs","4.00 GiB/vCPU","3800 GB                 NVMe SSD","50 Gigabit","$8.1440 hourly"
"M6A 48xlarge","m6a.48xlarge","768.0 GiB","192 vCPUs","4.00 GiB/vCPU","EBS only","50 Gigabit","$8.2944 hourly"
"M6A Metal","m6a.metal","768.0 GiB","192 vCPUs","4.00 GiB/vCPU","EBS only","50 Gigabit","$8.2944 hourly"
"R6IN 24xlarge","r6in.24xlarge","768.0 GiB","96 vCPUs","8.00 GiB/vCPU","EBS only","150 Gigabit","$8.3678 hourly"
"M6IN 32xlarge","m6in.32xlarge","512.0 GiB","128 vCPUs","4.00 GiB/vCPU","EBS only","200 Gigabit","$8.9107 hourly"
"M6IN Metal","m6in.metal","512.0 GiB","128 vCPUs","4.00 GiB/vCPU","EBS only","200 Gigabit","$8.9107 hourly"
"R6IDN 24xlarge","r6idn.24xlarge","768.0 GiB","96 vCPUs","8.00 GiB/vCPU","5700 GB                 (4 * 1425 GB NVMe SSD)","150 Gigabit","$9.3787 hourly"
"R6ID 32xlarge","r6id.32xlarge","1024.0 GiB","128 vCPUs","8.00 GiB/vCPU","7600 GB                 (4 * 1900 GB NVMe SSD)","50 Gigabit","$9.6768 hourly"
"R6ID Metal","r6id.metal","1024.0 GiB","128 vCPUs","8.00 GiB/vCPU","7600 GB                 (4 * 1900 GB NVMe SSD)","50 Gigabit","$9.6768 hourly"
"X2IDN 24xlarge","x2idn.24xlarge","1536.0 GiB","96 vCPUs","16.00 GiB/vCPU","2850 GB                 (2 * 1425 GB NVMe SSD)","75 Gigabit","$10.0035 hourly"
"X2IEZN 12xlarge","x2iezn.12xlarge","1536.0 GiB","48 vCPUs","32.00 GiB/vCPU","EBS only","100 Gigabit","$10.0080 hourly"
"X2IEZN Metal","x2iezn.metal","1536.0 GiB","48 vCPUs","32.00 GiB/vCPU","EBS only","100 Gigabit","$10.0080 hourly"
"M6IDN 32xlarge","m6idn.32xlarge","512.0 GiB","128 vCPUs","4.00 GiB/vCPU","7600 GB                 (4 * 1900 GB NVMe SSD)","200 Gigabit","$10.1837 hourly"
"M6IDN Metal","m6idn.metal","512.0 GiB","128 vCPUs","4.00 GiB/vCPU","7600 GB                 (4 * 1900 GB NVMe SSD)","200 Gigabit","$10.1837 hourly"
"I3EN Metal","i3en.metal","768.0 GiB","96 vCPUs","8.00 GiB/vCPU","60000 GB                 (8 * 7500 GB NVMe SSD)","100 Gigabit","$10.8480 hourly"
"I3EN 24xlarge","i3en.24xlarge","768.0 GiB","96 vCPUs","8.00 GiB/vCPU","60000 GB                 (8 * 7500 GB NVMe SSD)","100 Gigabit","$10.8480 hourly"
"R6A 48xlarge","r6a.48xlarge","1536.0 GiB","192 vCPUs","8.00 GiB/vCPU","EBS only","50 Gigabit","$10.8864 hourly"
"R6A Metal","r6a.metal","1536.0 GiB","192 vCPUs","8.00 GiB/vCPU","EBS only","50 Gigabit","$10.8864 hourly"
"I4I Metal","i4i.metal","1024.0 GiB","128 vCPUs","8.00 GiB/vCPU","30000 GB                 (8 * 3750 GB NVMe SSD)","75 Gigabit","$10.9820 hourly"
"I4I 32xlarge","i4i.32xlarge","1024.0 GiB","128 vCPUs","8.00 GiB/vCPU","30000 GB                 (8 * 3750 GB NVMe SSD)","75 Gigabit","$10.9824 hourly"
"R6IN 32xlarge","r6in.32xlarge","1024.0 GiB","128 vCPUs","8.00 GiB/vCPU","EBS only","200 Gigabit","$11.1571 hourly"
"R6IN Metal","r6in.metal","1024.0 GiB","128 vCPUs","8.00 GiB/vCPU","EBS only","200 Gigabit","$11.1571 hourly"
"P3 High Performance GPU Eight Extra Large","p3.8xlarge","244.0 GiB","32 vCPUs","7.62 GiB/vCPU","EBS only","10 Gigabit","$12.2400 hourly"
"R6IDN 32xlarge","r6idn.32xlarge","1024.0 GiB","128 vCPUs","8.00 GiB/vCPU","7600 GB                 (4 * 1900 GB NVMe SSD)","200 Gigabit","$12.5050 hourly"
"R6IDN Metal","r6idn.metal","1024.0 GiB","128 vCPUs","8.00 GiB/vCPU","7600 GB                 (4 * 1900 GB NVMe SSD)","200 Gigabit","$12.5050 hourly"
"DL1 24xlarge","dl1.24xlarge","768.0 GiB","96 vCPUs","8.00 GiB/vCPU","4000 GB                 (4 * 1000 GB NVMe SSD)","4x 100 Gigabit","$13.1090 hourly"
"F1 16xlarge","f1.16xlarge","976.0 GiB","64 vCPUs","15.25 GiB/vCPU","3760 GB                 (4 * 940 GB NVMe SSD)","25 Gigabit","$13.2000 hourly"
"X2IDN 32xlarge","x2idn.32xlarge","2048.0 GiB","128 vCPUs","16.00 GiB/vCPU","3800 GB                 (2 * 1900 GB NVMe SSD)","100 Gigabit","$13.3380 hourly"
"X1 Extra High-Memory 32xlarge","x1.32xlarge","1952.0 GiB","128 vCPUs","15.25 GiB/vCPU","3840 GB                 (2 * 1920 GB SSD)","25 Gigabit","$13.3380 hourly"
"X2IEDN 16xlarge","x2iedn.16xlarge","2048.0 GiB","64 vCPUs","32.00 GiB/vCPU","1900 GB                 NVMe SSD","50 Gigabit","$13.3380 hourly"
"X2IDN Metal","x2idn.metal","2048.0 GiB","128 vCPUs","16.00 GiB/vCPU","3800 GB                 (2 * 1900 GB NVMe SSD)","100 Gigabit","$13.3380 hourly"
"X1E 16xlarge","x1e.16xlarge","1952.0 GiB","64 vCPUs","30.50 GiB/vCPU","1920 GB                 SSD","10 Gigabit","$13.3440 hourly"
"P2 General Purpose GPU 16xlarge","p2.16xlarge","732.0 GiB","64 vCPUs","11.44 GiB/vCPU","EBS only","25 Gigabit","$14.4000 hourly"
"G5 Graphics and Machine Learning GPU 48xlarge","g5.48xlarge","768.0 GiB","192 vCPUs","4.00 GiB/vCPU","7600 GB                 (2 * 3800 GB NVMe SSD)","100 Gigabit","$16.2880 hourly"
"X2IEDN 24xlarge","x2iedn.24xlarge","3072.0 GiB","96 vCPUs","32.00 GiB/vCPU","2850 GB                 (2 * 1425 GB NVMe SSD)","75 Gigabit","$20.0070 hourly"
"TRN1 32xlarge","trn1.32xlarge","512.0 GiB","128 vCPUs","4.00 GiB/vCPU","7600 GB                 (4 * 1900 GB NVMe SSD)","8x 100 Gigabit","$21.5000 hourly"
"P3 High Performance GPU 16xlarge","p3.16xlarge","488.0 GiB","64 vCPUs","7.62 GiB/vCPU","EBS only","25 Gigabit","$24.4800 hourly"
"TRN1N 32xlarge","trn1n.32xlarge","512.0 GiB","128 vCPUs","4.00 GiB/vCPU","7600 GB                 (4 * 1900 GB NVMe SSD)","16x 100 Gigabit","$24.7800 hourly"
"X2IEDN 32xlarge","x2iedn.32xlarge","4096.0 GiB","128 vCPUs","32.00 GiB/vCPU","3800 GB                 (2 * 1900 GB NVMe SSD)","100 Gigabit","$26.6760 hourly"
"X2IEDN Metal","x2iedn.metal","4096.0 GiB","128 vCPUs","32.00 GiB/vCPU","3800 GB                 (2 * 1900 GB NVMe SSD)","100 Gigabit","$26.6760 hourly"
"X1E 32xlarge","x1e.32xlarge","3904.0 GiB","128 vCPUs","30.50 GiB/vCPU","3840 GB                 (2 * 1920 GB SSD)","25 Gigabit","$26.6880 hourly"
"U-3TB1 56xlarge","u-3tb1.56xlarge","3072.0 GiB","224 vCPUs","13.71 GiB/vCPU","EBS only","50 Gigabit","$27.3000 hourly"
"P3DN 24xlarge","p3dn.24xlarge","768.0 GiB","96 vCPUs","8.00 GiB/vCPU","1800 GB                 (2 * 900 GB NVMe SSD)","100 Gigabit","$31.2120 hourly"
"P4D Highest Performance GPU 24xlarge","p4d.24xlarge","1152.0 GiB","96 vCPUs","12.00 GiB/vCPU","8000 GB                 (8 * 1000 GB NVMe SSD)","4x 100 Gigabit","$32.7726 hourly"
"P4DE 24xlarge","p4de.24xlarge","1152.0 GiB","96 vCPUs","12.00 GiB/vCPU","8000 GB                 (8 * 1000 GB NVMe SSD)","400 Gigabit","$40.9657 hourly"
"U-6TB1 56xlarge","u-6tb1.56xlarge","6144.0 GiB","224 vCPUs","27.43 GiB/vCPU","EBS only","100 Gigabit","$46.4039 hourly"
"U-6TB1 112xlarge","u-6tb1.112xlarge","6144.0 GiB","448 vCPUs","13.71 GiB/vCPU","EBS only","100 Gigabit","$54.6000 hourly"
"U-9TB1 112xlarge","u-9tb1.112xlarge","9216.0 GiB","448 vCPUs","20.57 GiB/vCPU","EBS only","100 Gigabit","$81.9000 hourly"
"U-12TB1 112xlarge","u-12tb1.112xlarge","12288.0 GiB","448 vCPUs","27.43 GiB/vCPU","EBS only","100 Gigabit","$109.2000 hourly"
"U-18TB1 112xlarge","u-18tb1.112xlarge","18432.0 GiB","448 vCPUs","41.14 GiB/vCPU","EBS only","100 Gigabit","$163.8000 hourly"
"INF2 Extra Large","inf2.xlarge","16.0 GiB","4 vCPUs","4.00 GiB/vCPU","EBS only","Up to 15 Gigabit","unavailable"
"INF2 Eight Extra Large","inf2.8xlarge","128.0 GiB","32 vCPUs","4.00 GiB/vCPU","EBS only","Up to 25 Gigabit","unavailable"
"INF2 24xlarge","inf2.24xlarge","384.0 GiB","96 vCPUs","4.00 GiB/vCPU","EBS only","50 Gigabit","unavailable"
"INF2 48xlarge","inf2.48xlarge","768.0 GiB","192 vCPUs","4.00 GiB/vCPU","EBS only","100 Gigabit","unavailable"
"U-24TB1 112xlarge","u-24tb1.112xlarge","24576.0 GiB","448 vCPUs","54.86 GiB/vCPU","EBS only","100 Gigabit","unavailable"
"U-6TB1 Metal","u-6tb1.metal","6144.0 GiB","448 vCPUs","13.71 GiB/vCPU","EBS only","NA","unavailable"
"MAC2 Metal","mac2.metal","16.0 GiB","12 vCPUs","1.33 GiB/vCPU","EBS only","10 Gigabit","unavailable"
"U-9TB1 Metal","u-9tb1.metal","9216.0 GiB","448 vCPUs","20.57 GiB/vCPU","EBS only","NA","unavailable"
"U-12TB1 Metal","u-12tb1.metal","12288.0 GiB","448 vCPUs","27.43 GiB/vCPU","EBS only","NA","unavailable"
"I2 Large","i2.large","15.0 GiB","2 vCPUs","7.50 GiB/vCPU","EBS only","Moderate","unavailable"
"MAC1 Metal","mac1.metal","32.0 GiB","12 vCPUs","2.67 GiB/vCPU","EBS only","25 Gigabit","unavailable"